Female,Housewife/ Househusband,"32,780",673707,Japan,Japan,39
,,"85,440",876909,,,
,,"62,920",579569,,,
,,250,1698991,,,
,,"615,110",1406282,,,
,,"34,290",153562,,,
,,"32,180",99427,,,
,,"57,400",1355874,,,
Female,,0,1699211,China,China,25
,,"746,560",905009,,,
Female,Student,440,1694822,Taiwan,Taiwan,25
,,"783,250",144737,,,
,,"640,810",1712662,,,19
,,"117,050",976174,,Japan,
,,"15,480",900353,,,
,,"228,670",183209,,,
,,"1,530",1683768,,,
,,"13,890",1597777,,,
,,150,1788659,,,
,,"3,110",1597498,,,
Male,,"18,680",920250,,,51
,,"64,420",994294,,,
Male,,"291,790",400779,Japan,Japan,63
,,"60,850",345443,,,
Male,,"83,150",326431,Japan,Japan,72
,,"5,520",235654,,,
Female,,"1,030",1723273,,China,
,,"4,340",1389654,,,
Female,,"1,530",1548197,,,25
,,"14,940",590660,,,
,,"710,950",1684200,,,
,,"7,130",729203,,Germany,
,,"174,400",1113339,,,
Female,,"6,000",213725,,Japan,36
Female,Teacher,"1,820",648389,Japan,Japan,39
,,"5,500",1746949,,China,
,,"4,010",855942,Vietnam,Japan,
,,"53,740",983971,,,
,Student,"2,210",699588,,,
,,"532,380",1723232,,,
,,"3,240",1844303,,,
,,"28,440",1828819,,,
,,"31,450",1579911,,,
,,"374,780",17048,Japan,,
Female,Student,"2,240",702071,Taiwan,,
,,"58,960",1114158,,,
Male,Student,"32,670",590784,Japan,Taiwan,
,,"954,200",879381,,,
,,"1,350",1696766,,,
,,"38,810",1349503,,,
,,570,705264,,,
,,170,1601146,,,
,,"29,720",514479,,,
Female,,"18,260",282318,Japan,,
,,"5,090",1664533,,China,
Female,Designer,"1,450",1483329,Russia,Russia,
,,"75,150",725098,,,
,,0,1429750,,Taiwan,
Male,,"32,070",1103194,Japan,,
,,"46,040",537409,,,
,,"49,760",612842,,China,
Female,,"7,170",568775,China,China,16
,,"328,650",1577006,,Japan,
Female,,"7,920",1574146,China,China,26
,,600,810920,,,
Female,,"175,970",1678912,Japan,Japan,33
Male,,"73,770",660041,Japan,Japan,
,,0,1706198,,,
,,"237,220",562423,,,
,,"4,670",1636550,,,
,,"17,390",375202,,Japan,
Male,Student,"16,330",700334,China,China,28
Male,"Other
 : 현재는 공부하는백수","57,940",710263,Korea,Korea,
,Office worker,"8,900",544710,Taiwan,Taiwan,
,,"20,060",1560786,Hong Kong,,
Female,,"1,940",237552,,,
,,"2,230",1290779,,China,
,,"3,900",453168,,,
Female,,"1,040",749606,China,China,27
,,"8,340",1271768,,,
,,940,1294922,,,
,,40,611225,,,
,,"9,670",1677915,,,
,,160,1437678,,,
Male,,380,1508325,Japan,,
,,"1,920",1359918,,,
Female,,"20,690",1681225,China,,
Female,,"2,130",215755,India,India,
Female,,"8,600",374172,China,China,26
Female,,"399,300",696513,Japan,Japan,
Female,,"9,100",705048,Japan,Japan,
,,"53,160",1589240,,,
,,"1,070",316252,,,
,,"113,140",918996,,,
,,"16,580",1697655,,,
,,990,1275431,,,
,,"99,610",711430,,,
Male,Designer,"753,730",807349,Japan,Japan,
,,"62,270",565581,,,
Female,Other,"18,250",591519,Spain,Spain,32
Male,,"9,970",416739,China,China,31
,,"78,640",588181,,,
Male,,"237,040",794982,Australia,,33
,,"65,740",657221,,,
Female,,100,1097700,Brazil,Brazil,
,,"416,520",633463,,,
,,"160,860",198616,,,
Female,,"48,690",998345,Japan,Japan,45
,,150,703080,,,
,,"25,380",586464,,,
,,740,1683459,,,
Female,,340,1043242,,,
Male,,"5,200",64201,Japan,Japan,17
Female,,50,1390963,,,
Male,"Other
 : Sales","107,110",191396,Hong Kong,Hong Kong,53
,,"14,410",323654,Japan,The Netherlands,
Male,Office worker,"4,650",780113,,Japan,
,,"162,110",297988,,,
Male,,970,95801,Japan,Japan,52
,,240,1210880,,,
Male,,"8,330",251629,Japan,Japan,30
,,"15,050",1618857,,,
,,0,1520193,,,
,,"5,590",716061,,,
Female,,"1,980",1375236,,,
,,150,1709140,,,
,,"6,380",400503,,,
Female,,"30,190",225426,Japan,Japan,
,,750,1712650,,,
,,"38,420",185225,,,
,,"4,350",190919,,,
,,"8,260",787483,,,
Male,Engineer,250,1707936,Vietnam,Vietnam,25
Female,Office worker,"8,110",1609398,,,
Male,,"2,960",1523231,,,
Male,Student,"2,750",1165297,China,China,26
,,150,1783250,,,
,,"2,450",700611,China,China,29
,,"492,940",873172,,,
,,"10,240",1610427,,,
,,"9,060",1301062,,,
,,990,1151276,,,
Female,,"3,390",1461739,,U.S.A,
Male,Office worker,"54,090",248679,Japan,China,32
Female,,"8,920",682392,,Vietnam,
Female,,"66,260",1075645,Japan,Japan,
Female,,"9,480",399353,China,China,31
Female,Other,"4,590",420051,Japan,Japan,
,,"5,710",1472113,,,
,,820,1751798,,,
,,"13,380",1438078,,,
,,"7,170",1745720,,,
,,"1,770",1242668,,U.S.A,
,,"180,140",343697,,,
,,"1,710",682400,,India,
Female,,"7,540",1253356,Japan,Japan,32
Male,Student,"10,700",584567,China,China,29
,,"81,390",431202,,,
,,"2,240",693847,,,
Female,Student,230,703525,Taiwan,Taiwan,27
Female,,"57,770",637526,Japan,,
,,"2,700",567711,,,
,,"9,940",1225271,,Taiwan,
Female,,"5,020",1301884,,,
,,"9,590",209742,,,
,,"1,400",1797635,,,
,,0,648382,,,
Female,Office worker,"1,850",957265,,Japan,35
,,"70,910",1349688,,,
,,660,1701430,,,
,,280,1353554,,,
,,"6,040",149363,,,
,,"26,820",1177324,,Japan,
,,0,1178980,,,
Female,,"24,490",313555,China,China,30
Male,,"16,140",1832393,United Kingdom,United Kingdom,
Male,,"336,960",621686,,Japan,
,,"2,690",871232,,,
Female,Student,270,632150,Taiwan,Taiwan,
Female,,"14,820",243047,Vietnam,Vietnam,
Male,Other,670,1475945,Japan,Germany,
,,"38,910",1575250,,,
,,"21,720",1220026,,,
,,"5,820",1631085,,,
,,"44,390",1790994,,,
Male,Other,510,870253,Japan,Japan,30
Female,,"2,730",1230417,Poland,,19
,,"3,530",151892,,,
,,"9,330",1637623,,,25
,Student,"1,600",1692308,,China,
Female,Housewife/ Househusband,730,1840491,,Mongolia,
,,"167,590",1628357,,,
Female,,"8,410",549938,,,
Female,,0,192270,,Russia,
,,"10,670",1715639,,,
,,0,267311,,,
Female,,"73,660",127632,,,
,,"5,700",223724,,,
Female,Student,"9,450",472928,,Mexico,32
Male,Student,150,1103617,Brazil,,32
,,"62,580",1218848,,,
Female,Teacher,"2,650",204098,China,China,34
Female,,220,1611126,,,
Female,,"3,560",371169,,,
,,"131,450",561499,,,
Male,,"33,040",372701,Japan,,
Female,,"9,240",1590655,Taiwan,Taiwan,
,,0,508355,,,
,,600,911557,,,
,,"26,050",441342,,,
,,"1,620",1618666,,,
Female,Student,"6,460",1441790,China,China,26
,,"9,360",1002824,China,China,
,,"14,640",791888,,,
,,"51,470",366109,,,
,,220,802450,,,
Male,,"6,080",737376,Japan,,
Female,Student,730,1700615,Taiwan,,25
,,"3,940",1662996,,Japan,
Female,Student,"7,970",529339,Japan,Japan,25
Female,Office worker,"101,690",605343,Japan,Spain,
,,"4,720",4,,,
,,260,1024101,,,
,,"25,800",972603,,,
Male,Programmer,200,1843188,,,38
Male,Office worker,"23,380",161110,Japan,Japan,
Male,,"1,430",1366759,China,China,27
,,150,1736182,,,
,,"30,600",1528882,,,
Female,Student,"4,340",1012339,China,,
Male,,150,762545,Taiwan,Taiwan,
Male,Engineer,40,1738663,Iran,Belgium,32
Female,,0,220707,Thailand,Thailand,30
,,300,419352,,,
,,"2,200",1164628,,,
Female,,"3,850",691536,,Japan,30
,,"619,880",543130,,,
Male,,800,399013,Japan,,
Female,,"21,820",1705563,Peru,,
Female,Office worker,150,708138,Taiwan,Taiwan,
Female,,50,1750748,China,,24
,Engineer,"2,910",1622168,China,China,
Male,Office worker,"3,450",974119,China,China,29
,,"5,140",1750705,Vietnam,,
,,"283,250",406369,,,
,,200,773147,,,
Female,Office worker,150,1275453,China,China,
Female,Student,"57,500",234906,China,China,29
,,"4,270",557906,,,
Female,Other,"106,040",1642608,China,China,
Male,Student,750,959780,China,China,26
,Other,"446,460",296023,Japan,Japan,
Female,,"7,650",231185,Norway,Norway,31
,,150,1610470,,,
Female,Student,"773,710",1189258,Japan,,
Male,Engineer,"5,200",445920,Mexico,Mexico,
,,"8,820",1499472,,,
,,"7,850",914454,,,
Male,Artist,"39,010",677329,Japan,Germany,
,,"339,740",1089481,,,
,,"32,700",416069,,,
,,"298,890",515810,,,
,,"13,440",1784069,,,
,,"2,050",282054,,,
,Other,"1,200",1691454,China,,
Female,,"10,070",1683669,,Japan,
,,"1,150",1317162,,,
,,430,1505292,,,
Male,Office worker,"2,700",511798,Japan,Japan,
,,"22,330",584801,,,
Female,,"1,330",897511,China,China,26
,,"32,690",1112957,,,
Male,,100,128522,Japan,United Kingdom,36
Female,Student,"1,000",1002147,,,22
Male,"Other
 : Doctor","10,640",1761549,China,,31
,,"4,830",1196014,,,
Male,,"3,020",363252,Japan,Japan,
,,"1,490",1663259,,,
,,"25,120",1380480,,Taiwan,25
Male,Engineer,"7,760",702692,Taiwan,Taiwan,33
Male,Other,"43,850",1831828,Japan,Japan,
Female,,320,1643146,Vietnam,,27
Female,,260,925012,China,China,
,,"54,240",1785610,,,
Female,,"89,840",429277,Japan,,
,,710,1503177,,Japan,43
,,"54,910",1361354,,,
,,"1,910",531782,,,
Female,,"8,240",1133393,Korea,,
Female,,"3,180",1259630,Vietnam,,
Female,Student,"1,370",1424332,China,China,24
,,"1,800",533013,,,
,,420,304378,,,
Male,,"3,330",796942,Japan,U.S.A,28
Female,,"243,230",159220,Japan,Japan,
,,150,1696928,,,
,,"2,100",1809328,,,
,,"8,010",1422563,,,
,,"35,230",771406,,,
,,260,160300,,,
,,"11,980",707901,,Japan,25
,,"26,770",1759469,,,
,,0,705025,,,
Male,,"6,300",792138,Japan,Japan,31
,,"38,340",707844,,,
Female,Other,530,640033,Taiwan,Taiwan,
Female,,"14,030",224146,Japan,Japan,
,,"134,270",1514360,,,
Male,Engineer,"3,210",121160,Japan,Japan,
,,"40,400",573184,,,
,,"34,620",1684023,,,
,,"1,040",737981,,Taiwan,
,,0,1836010,Vietnam,,20
,,"337,450",1667176,,,
,,150,1810386,Lithuania,,
Female,,"18,400",79452,China,China,26
,,"1,012,620",769217,,,
Male,Student,"64,640",337776,,,
Male,Student,0,1141741,Brazil,Brazil,
Female,,100,745296,,China,33
Female,,"95,080",495230,Taiwan,,
Female,,380,1079030,China,China,
,,"7,510",1293034,,Japan,31
Female,,"71,150",1279942,Japan,Japan,
Female,Other,"55,160",96742,Japan,Japan,
Female,Student,150,242693,China,Australia,29
Female,,"53,480",1502475,Japan,,26
,,130,1691563,,,
,,"68,980",1639534,,Taiwan,
,,"5,650",232101,,,
,,"1,100",190406,,,
Female,Teacher,"55,870",1615928,Thailand,Thailand,
,,"4,930",990089,,China,
Male,Student,"3,580",1789024,China,China,26
,,"4,505,320",137075,,,
,,"15,360",1835269,,Japan,
,,"19,770",1162978,,,
,,"5,830",1409622,,France,26
,,"24,920",1623189,,,
,Engineer,690,659701,Myanmar,Myanmar,
Female,Programmer,"1,600",228817,Brazil,Brazil,33
Female,,"6,540",918073,Taiwan,Japan,
,,"398,560",1754092,,,
,,440,700361,,China,
Female,Student,"9,350",1552546,France,France,22
Female,"Other
 : Journalist","2,820",1623135,Spain,,37
,,"2,320",801884,,,
,,"794,670",722984,,Brazil,
Female,,"3,900",1331435,China,China,
Male,Other,"144,160",1798730,Japan,,
,,"1,960",1833475,,,
,,"5,910",489026,,,
,,"38,170",493684,,,
,,"190,580",691497,,,
Female,Engineer,"25,730",609368,Spain,Japan,29
Female,,"337,100",1561613,Japan,,
,,"53,520",1346840,,,
Female,,"158,410",708411,Japan,U.S.A,39
Female,,150,1688753,China,China,
,,"19,160",1784319,,,
,,"286,460",395848,,,
,,"121,730",1723214,,,
,,"142,660",744921,,,
Female,,550,225450,,China,30
Female,,"1,410",1659308,,,
Male,,"11,970",1599587,China,China,34
Female,Office worker,"40,390",269576,China,China,31
,Teacher,"4,640",609939,,Japan,
,,990,237938,,,
,,"11,220",691589,,,
Female,,"52,750",1647289,Japan,Japan,24
,,"11,520",671743,Brazil,,25
Female,Student,0,486525,Japan,,26
,,"6,790",538508,,,
Male,Engineer,650,1185274,Taiwan,Taiwan,
,,"1,010",477432,,,
,,"1,870",1750065,,,
,,150,1313238,,,
,,"177,710",818381,,,
,,"5,180",1819931,,,
,,150,1484035,,Spain,
,,"48,650",785911,,,
Male,Student,"15,170",902962,Taiwan,Taiwan,25
Female,Designer,"7,880",455523,Hong Kong,Hong Kong,
,,"7,190",57913,,,
,,"11,120",1186255,Italy,,
Female,,"1,169,580",117072,Korea,Korea,
,,"4,470",1261162,,,
,,"367,630",149130,Japan,Japan,
Female,,0,244662,China,China,30
Female,,"1,380",1730429,Egypt,,30
,,"6,030",1538558,,,
Female,,"2,850",282941,China,China,30
,,"23,100",1072930,,,
,,"14,350",1337791,,,
Female,,"2,590",1750770,Vietnam,,
,,"100,600",537367,,,
,,390,1222703,,,
,,"4,400",1592381,,,
Female,Teacher,"1,327,780",993792,France,,
Female,Office worker,"2,130",851904,China,China,
Male,,"1,330",1631047,Brazil,Brazil,
Male,,"2,890",1024534,Japan,Japan,28
Male,,0,1506824,Mexico,,26
,Student,"1,140",752718,Japan,China,
Male,,"55,560",273552,Japan,Japan,
,,"2,610",1378067,,China,
,,200,1824050,,,
,,"67,380",293017,,,
Female,,0,276799,Japan,,36
,,"5,080",509129,,,
Male,,"1,650",388130,Japan,Japan,28
,,900,1438216,,,
,,30,640768,,Japan,
Female,Student,760,1250857,China,China,28
,,"2,130",1295114,,,
Male,,"22,910",313114,Japan,Japan,
Male,Office worker,"5,770",1195714,China,China,28
,"Other
 : dentist","83,260",520798,Japan,,
,,150,828878,,,
,,200,35729,,,
Male,,570,347873,Japan,Japan,37
Male,,"8,910",136893,Taiwan,Taiwan,35
Female,,"2,280",738059,,,26
,,930,215698,Taiwan,Taiwan,
Female,Student,"2,900",1364932,Malaysia,,
,,"4,970",268099,,,
,,150,1209562,,,
Female,,"14,170",129711,Japan,Japan,
Female,,50,214157,Japan,Japan,35
,,"15,820",325323,,,
Male,,"8,750",761102,China,China,
Female,"Other
 : vendedora e proprietária",150,1146628,Brazil,Brazil,29
,,330,1836379,,,
Male,,"43,080",994182,,Japan,
,,"1,750",495893,,Japan,
Male,,"13,410",1756787,,,
,,570,1333992,,,
Female,,"12,840",1614001,Ukraine,Ukraine,
,,"49,880",646430,,,
,,"4,870",1222363,,,
Male,,"12,230",1454135,Germany,,
Male,Teacher,"2,260",811020,,,38
,,"7,490",1775851,,,
,,"2,560",442806,,China,
,,"10,580",154039,,,
,,"696,450",1825669,,,
Male,"Other
 : Merchandiser",0,335238,China,China,32
Female,Teacher,560,1842756,China,China,27
,,250,1234098,,,
,,"66,670",177277,,,
,,"661,480",682855,,,
Male,,"1,950",367570,,Taiwan,
,,150,1357544,,,
,,"18,000",1745861,,,
Female,Student,310,448685,Italy,,
,,"17,770",80474,China,China,
Male,,"1,320",1024989,China,China,29
Male,"Other
 : japanese language teacher",750,229078,Japan,Japan,48
Male,,0,1710435,China,China,29
Female,,"15,770",1163734,China,,
,,"2,540",1833403,,,
Male,Artist,"29,290",232447,Russia,Russia,45
,,"4,770",1069182,,,
Female,,500,241219,Poland,Poland,27
,Student,990,277544,,,
,Office worker,"1,860",1265209,,,
Female,Student,"1,510",1705202,Taiwan,Taiwan,
,Student,"2,460",631190,,Japan,24
Female,,"3,760",1049254,,China,28
,,270,738571,,,
,,0,557498,,,
Female,,"5,040",1663465,,,
Male,,"86,370",130232,Japan,Japan,49
,,"18,090",1150301,,,
,,180,1756019,,,
Male,,"18,360",478794,Japan,,
Male,Office worker,"62,980",542170,Japan,Japan,37
Male,,"6,460",1773871,France,France,29
Male,,"31,980",293705,Japan,Japan,
,,150,938161,,,
Male,,"10,740",553998,Japan,China,
Female,Office worker,"21,400",811821,Japan,Japan,
,,"1,430",1835335,China,China,
Male,,450,242198,U.S.A,U.S.A,
,,"1,690",1819272,,,
Female,,"30,260",542230,Japan,Japan,30
Male,,"19,540",1679527,Algeria,Algeria,
Female,,550,761251,,,
,,"2,080",857613,,,
Male,Office worker,380,1324053,China,China,
,,"8,570",1750351,Taiwan,,
Male,"Other
 : ドアマン","322,970",1322999,China,China,35
Male,,"20,240",7527,Japan,Japan,
Male,,"2,160",1749296,,China,23
Male,Student,"61,810",990963,Japan,Japan,28
,,"3,810",719340,,,
Female,,0,1253622,Myanmar,,25
,,"13,000",1007064,,,
Male,,"5,530",1837782,,,17
,Office worker,"20,380",154883,,Japan,
Female,,"7,070",1110281,Japan,Japan,
,,230,693049,,,
Female,,"18,920",1370472,Japan,Japan,
,,"6,190",1712846,,,30
,,"13,240",1410736,Japan,,24
Male,Student,710,661304,China,China,29
Male,Student,870,1257883,China,Italy,31
Female,,150,769073,Lithuania,Lithuania,24
Female,Artist,"100,120",877361,,,
Female,Student,550,1776849,China,,21
,,"24,250",646184,,Japan,
Male,Student,"24,600",1591649,Italy,Italy,20
,,110,529273,Japan,,
,,"194,790",1558526,,,
Male,,"6,540",1677628,Brazil,Brazil,
Male,Office worker,"1,130",1123120,China,China,29
,,"839,860",779223,,,
Male,Programmer,"9,850",1000508,Russia,Japan,
,,"2,160",300862,Japan,Mongolia,
,,"2,830",615007,,,
Male,"Other
 : Part timer","39,620",321430,,,
,,"70,360",1536043,,,
,,"14,827,670",125710,,,
,,750,292522,,,
Male,Student,50,164249,Japan,Japan,27
,,"21,610",1639762,,,
Male,Other,"3,990",327487,Japan,Chile,
,,410,1429352,,Japan,
,,550,475664,,,
Female,,"2,110",414415,China,China,34
,,"1,120",1689056,,,
Female,Student,470,718775,Germany,China,
,,"40,600",601939,,,26
Female,,"76,320",1650664,Japan,Japan,
,Student,830,1379727,,,
Male,Student,940,849695,Japan,Japan,
,,290,1678861,,,
Male,Student,"18,100",1156958,Japan,Japan,30
Male,,"534,740",1165418,Japan,Japan,
Female,,"1,470",320200,China,China,
,,"5,140",1600759,,,
,,"2,360",129055,Japan,Japan,
Male,,"2,900",1038906,Vietnam,Vietnam,29
Male,,"54,120",1662761,,U.S.A,
Male,Designer,"32,110",533800,Japan,Japan,
,,"3,540",452670,,,
Male,,"6,280",150045,,Japan,33
Female,,"1,210",1472596,Japan,Japan,
Male,Office worker,"34,270",678588,,Japan,37
,,400,617636,,,26
,,"10,320",1563373,,,
Male,,0,1836525,Japan,Japan,24
,,350,1393081,,,
,,"84,200",1505090,,,
,,"10,340",357093,,,
,,50,293080,,,
Female,,"17,780",800404,Japan,Japan,
Female,Student,290,1106503,Malaysia,Malaysia,27
,Student,510,783085,,,
,,"129,180",1252598,,,
,,"84,440",511420,,,
Male,,"1,990",654996,Taiwan,Taiwan,
Male,,"4,690",569770,,Taiwan,
Male,Student,"4,870",1758385,China,China,
,,"66,970",1535632,,,
Male,Office worker,"6,170",568570,Japan,Japan,35
,,"6,160",212734,,,
Male,Other,0,635079,Taiwan,Taiwan,33
,,"1,760",879373,,,
Male,Student,"1,570",1464035,Taiwan,Taiwan,21
Male,,0,69609,China,China,
,,"110,840",1026027,,,
Male,Student,"9,960",1154616,Iran,Iran,27
Female,,"31,710",676280,,,
,,"297,280",1329921,,,
,,"14,300",879337,,,
,,"23,720",604301,,Japan,
Male,Student,"21,590",474723,Japan,China,30
Female,,"10,890",336391,China,China,31
,,"2,340",1694972,,,
,,"32,710",779873,,,
Male,,240,1745787,Japan,Japan,32
Female,,"7,350",1455101,,China,27
,,"4,100",725113,,,
,,"16,760",527987,,,
,,830,1667254,,,
Male,,"6,860",1129014,Taiwan,Taiwan,30
Male,,"4,850",399796,China,Japan,31
,,"1,580",640277,,,
,,"28,280",35516,,,
,Engineer,"44,630",1168936,Taiwan,Taiwan,30
Female,,"17,340",205532,Indonesia,Indonesia,34
,,240,1246492,,,
Male,,"35,000",318256,Brazil,,28
Female,Student,"4,200",445702,Ukraine,Ukraine,
,,"867,730",1130050,,,
,,"54,810",1429835,,,
,,"2,520",879993,,,
,,0,189172,,,
Female,,"70,000",1292367,Russia,,
,,"15,790",1027221,Japan,,35
,,"6,870",1164540,,,
,,"7,310",1636583,,,
,,"79,950",144358,,Japan,
Female,,"515,460",582107,,,
,,"114,600",1568801,,,
Female,,"8,150",1499670,,,
,,"1,580",1294981,,,
,,150,1842547,,,
,,200,1822294,,,
,,"19,040",1026727,,,
Male,Student,"5,580",1531279,Japan,Japan,26
Female,,"260,580",104052,China,China,
,,"15,230",909142,China,Spain,
,,"40,280",1258000,,,
Female,,"57,230",1304876,,,40
Female,,"7,020",368465,China,China,29
,,"4,080",1183058,,,
Male,Engineer,"3,280",1343078,Japan,Japan,
,,"6,550",1193388,,,
,,100,862358,,,30
Male,Student,330,923627,Thailand,,24
,,"68,810",480532,,,
,,410,1782494,,,
,,"12,140",566758,,,
,,"178,460",1589694,Puerto Rico,,
,,"13,450",1602675,,,
,,"151,880",94266,,,
Male,Student,430,703959,China,Japan,26
,,"74,200",732292,,Japan,
,,150,975326,,,
,,270,1635397,,,
Female,Office worker,"6,810",1146723,Japan,Japan,
Male,Artist,"4,810",690286,Japan,Japan,
,,"142,340",668305,,,
Female,Student,"1,980",1672504,,Japan,
Female,Housewife/ Househusband,"93,740",391291,,Japan,
,,"2,350",1462068,,,24
Male,,"45,750",496697,Mexico,Mexico,
Female,,0,1173091,,Japan,
,,650,1690825,,,
Male,,"2,530",206814,Japan,Indonesia,
Female,,"15,210",1152237,China,,
,,"2,440",935116,Korea,,
Female,Student,420,604209,Taiwan,Taiwan,29
,,"42,100",3816,,,
,,0,281477,,Peru,
,,"39,310",195076,,,
,,"5,970",1741235,,,
,,"15,100",829637,,,
,,"11,950",1038062,,,
,,"10,730",953825,,,
Male,,"7,240",1261663,Korea,,
,,"1,310",1477730,,,
,,"48,850",126805,,,
Female,,"4,170",249822,Japan,Japan,34
Male,Student,350,1039519,,Turkey,32
Male,Student,"2,080",310062,Japan,Japan,31
Male,Student,730,944555,Japan,Japan,32
,,"11,550",1526892,,,
Female,,"5,460",670174,Japan,,
,,"54,960",1720757,Taiwan,,
Male,,"1,260",1779687,China,China,28
,,"3,400",932982,,China,
Female,,"39,410",341580,France,France,26
,,"1,010",1133230,,China,
,,"3,760",1542033,,,34
Female,Student,0,477804,Poland,Poland,26
,,"46,780",1753764,,,
Male,,"4,840",234347,Japan,Japan,33
,,"1,130",1702184,,,
,,"3,850",906916,,,
Male,,"4,490",1625451,,Japan,
,,"7,390",1229884,,,
Male,,"28,690",32361,Japan,Japan,
,,"24,150",1696295,,,
Male,Engineer,0,753896,Taiwan,Taiwan,34
,,"38,970",1247430,,,
Female,,660,242886,China,China,32
Female,,"42,660",1505820,Canada,,
,,"23,470",957260,,,
Female,,"7,200",320172,China,China,27
,,"4,350",599541,,,
Male,Student,"1,250",1214481,China,,25
,,"9,450",343388,,,
,Student,"2,990",1324877,,China,
Female,,790,735114,,Japan,26
,,150,1430368,,,
Female,Student,"17,180",773582,Venezuela,,26
,,150,1608804,,,
,,"611,480",305091,,Japan,
Male,,"49,060",845105,,Vietnam,
Female,,0,327024,Japan,Japan,38
,,"96,940",1288108,,,
,,"3,080",771707,,,
Female,Office worker,"1,920",206502,China,China,33
Female,,0,1821949,,,23
Female,Student,250,1383659,China,China,24
Male,Programmer,910,158690,Japan,Japan,42
,,180,1717131,,,
,,"1,420",22370,,,
Female,,"126,190",39075,Japan,Japan,
,,"125,490",419765,,,
,,180,256972,,,
,,"32,120",520042,,,
,,"11,460",717588,,,
,,"28,210",611510,,China,
Female,,"7,150",364500,Japan,Japan,
,,0,156252,,,
,,"61,030",1744330,,Japan,30
Female,,"2,850",1221946,,,
Female,Teacher,"2,360",1112387,Vietnam,,
,,"7,270",849132,,,
,Student,"1,300",135014,,Russia,
,,"84,860",1502650,,Spain,50
,,890,144073,,,
,,"1,250",1511642,,,
Male,Engineer,"3,380",1739354,Vietnam,Japan,
Male,Student,"1,890",34649,Japan,Japan,
Male,,"3,950",410967,Japan,Japan,31
Male,Student,0,406049,China,China,29
Female,,"5,690",88334,,,
Male,,240,729252,Japan,Singapore,
,,"1,262,500",89340,,,
,,"2,850",1731551,,,
,,"10,650",1511731,,,
,,"27,600",1833507,,,
,,140,487648,,,
Male,Student,"3,150",203247,Japan,Japan,31
,,"15,720",1712278,,,
,,440,1115953,,,
,,780,1672004,,,
Female,,"17,340",1834303,Japan,,
,,"106,070",1797494,,,
,,"1,530",1464095,,,
,,"47,610",746693,,Japan,
Female,,910,1060788,China,China,
Female,,"1,470",1666552,Taiwan,Taiwan,
Male,Student,0,652688,China,China,
,,"39,380",76742,,,
Male,Engineer,"37,170",1701059,Tunisia,Tunisia,
Female,,"7,250",407317,China,China,32
,,"2,440",345958,,,
Female,Student,"28,150",737365,Belgium,,
Female,Student,"1,050",1685193,China,China,23
Female,,"3,800",1531882,,Italy,
Male,,390,863689,Taiwan,Taiwan,39
Male,Student,640,1478918,China,Japan,27
,,"1,510",1276766,,,
,,480,602049,,,
,,"2,060",819972,Vietnam,,26
Male,Office worker,"34,030",1485586,Nicaragua,Nicaragua,33
,,"11,120",777092,,,
Male,,"10,100",952434,China,China,32
,,960,1144915,,,
Male,,580,362074,Bolivia,,31
Male,Student,"4,820",1455298,Dominica,,27
,,"1,100",509642,,,
,,0,566721,,,
Male,,480,1528821,Taiwan,,
,,"1,860",482551,,Japan,
,,"41,030",629636,,,
,,"6,210",757599,,,
Female,,0,1593279,Turkey,Turkey,25
,Student,50,53448,China,,
Male,Office worker,"6,130",881326,Belgium,,33
Male,Student,"4,780",124296,El Salvador,Argentina,30
Male,Programmer,"21,750",1303899,Taiwan,Taiwan,
,,"4,340",1781812,,,
,,180,1208309,,,
,,"1,010",1033415,,,
Male,,"254,340",692023,Japan,Japan,
Male,Student,"8,910",454165,Chile,Chile,28
,Other,480,750421,,Taiwan,27
Female,,50,180835,Brazil,,29
,,"8,790",1731107,,,
,,"65,910",419799,,,
,,"43,190",231679,,,
Female,,0,1352637,Japan,Japan,25
Male,,"124,990",1330891,Spain,Spain,
Female,,"21,820",777131,Japan,,29
,,"1,300",1585065,,,
,,"1,360",1758142,,,
,Other,"10,130",1202942,,,
Male,Teacher,"25,330",302059,Canada,Japan,30
Female,Student,650,246707,Japan,Japan,
,,"22,970",1704244,,,
Male,Other,"7,400",108632,Japan,Japan,
Female,"Other
 : Ученица",280,1483582,Russia,,19
,,"1,290",1698367,,,
,,"178,790",752734,,,
Female,,"4,480",1428119,,Japan,
Female,,"1,800",155810,Taiwan,Taiwan,33
,,"1,640",985319,,,
Female,,"21,730",42749,Taiwan,Taiwan,
Female,,"1,540",1525893,,,
,,"3,060",1734623,,,
Male,Office worker,"1,200",1489985,Vietnam,,32
Male,,"248,620",377052,China,China,29
,,"5,640",491075,,,24
Female,Student,600,901720,Japan,Japan,26
,,"14,510",1742728,,,
,,"5,230",1557047,,,
Male,,"89,520",580227,Japan,Japan,
Female,,680,1651911,,,
,,320,1024028,,,
Female,,"2,100",516337,Japan,Japan,
Male,,"2,100",769891,,,
Female,Student,"1,140",1408071,China,Japan,24
,,"26,670",1468990,,,
Female,,"6,160",1709230,,,
,,"11,770",1078985,,,
,,"4,620",1488933,,,
,,"2,240",50375,,,
,,350,1669318,China,,26
,,"34,960",1150065,,,
,,"3,280",892305,,,
,,"2,440",790496,,,
Male,,"503,710",1654292,France,France,
Female,,"13,790",301595,China,China,32
Female,Artist,150,1733864,,Italy,26
,,150,1844070,,,
,,"26,890",1611171,,,
,,"3,230",644386,,,
Female,,"5,140",350140,Japan,France,40
Female,,"4,670",327248,,Japan,
Female,,0,1526657,Russia,,
,,"4,270",1673664,,,
,,"25,620",1631231,,,
,,"2,440",1042051,,,
,,800,828074,,,
,,"1,000",129585,,,
Female,,"1,120",1282340,China,,
,,"2,890",1758365,,,
Female,,50,39911,Japan,Japan,35
Female,,830,629043,Taiwan,Taiwan,
,,290,765967,Japan,,
,,"8,370",1204561,,,
,,150,884413,,Norway,
,,"41,900",1842406,,,
Female,,260,441806,China,China,
Male,,"2,540",1308901,Brazil,,
,,810,625292,,,
,,"5,570",260535,,,
Female,,"4,210",1837712,,,
Female,,0,1221325,India,India,39
,,"9,790",374045,,,
Female,Student,50,99858,France,,
Female,,600,882158,Taiwan,Taiwan,29
,,"175,720",332052,,,
,,"9,060",1597684,,,
,,800,557869,,,
,,"1,410",1819285,,,
Female,,"31,750",1600960,Indonesia,,20
Male,,"7,750",1198505,Japan,Japan,
Male,,240,1151267,,Vietnam,
,,"1,770",1234683,,,
,,"22,300",1487915,,,
Female,,"1,550",404450,China,China,28
,,"1,230",1170446,,,
,,240,1397238,,,23
,,"9,860",1213509,,,31
Female,Designer,330,1078369,Japan,Japan,
Male,,"452,510",1074067,,Japan,
,,"1,490",1298037,,,
Male,,"14,500",147139,China,Japan,38
,,100,1309866,,,
Female,,"12,480",1758528,China,China,
,,"7,540",982450,,,
Female,,920,1421975,,,
,,"471,170",25060,,,
,,"1,760",532312,,,
,,710,1545710,,,
,,"9,710",1684367,,,
Female,,580,365231,Thailand,Thailand,
Male,Office worker,"90,210",1489505,Japan,Japan,
,,"107,460",33707,,,
Male,Teacher,"1,130",588463,China,China,29
Female,,0,107574,Bulgaria,United Kingdom,
,,"1,900",908685,,,
Female,Student,550,178665,The Philippines,The Philippines,30
Female,,140,280982,China,China,31
,,"264,190",691861,Japan,,
,,"5,540",1545366,,,
Female,,"1,350",353621,Japan,Japan,31
,,"6,550",558751,,,
,,"1,410",1822739,,,
Male,,"34,320",320453,Japan,Japan,
,,"7,330",348757,,,
,,470,1168860,China,,25
Female,,"19,430",689192,China,China,30
,,"1,990",523673,,,
,,150,1270672,,,
,,40,370544,,,
,,"24,660",822821,,,
Female,Office worker,"2,800",1648960,Vietnam,Vietnam,30
,,"3,640",1612031,,,
,,320,1131074,,,
,,180,1625465,,,
,,"74,840",1510633,,,
Male,Student,0,600322,China,China,27
Male,Other,"24,720",503512,Spain,,
,,460,740831,,,
,,180,1500566,,,
Female,Student,"20,320",323512,Thailand,Thailand,28
Female,,"17,020",188522,Japan,Japan,36
,,"117,560",1561427,,,
Female,,"11,920",410826,Japan,,34
,,"8,590",1750793,,,
Female,Student,"3,130",1565001,Venezuela,,
,,"38,470",73882,,,
,,"2,640",819851,,China,
Male,,280,1383657,China,Australia,
,,0,1615603,,,
Male,Engineer,"3,640",1226355,Japan,Japan,
,,"5,650",1138023,,,
Female,,0,18417,China,China,34
,,"10,600",316444,,,
Female,,"3,730",1216841,Japan,,
Female,Student,630,744649,China,China,27
Female,Student,380,1114284,Brazil,Brazil,23
Female,,"4,250",329450,China,China,29
Male,,550,382435,China,Canada,29
Male,Student,"13,150",885457,Germany,,
,,"19,140",327523,,,
Female,,"1,730",1678613,,Japan,
Female,,"8,780",1745781,China,Japan,27
,,"99,750",852090,,,
,,170,1728436,China,,
Male,,"15,210",525795,Japan,Japan,33
Female,,"414,770",1475801,China,China,
Female,Student,"1,380",1756166,Vietnam,Vietnam,24
,,340,1436817,,France,
Male,Office worker,"1,190",862619,Vietnam,Vietnam,
Male,,"6,150",1230880,,,26
,,"2,010",1765885,,,
Male,,100,332950,Japan,India,36
Male,Office worker,"212,150",461700,Japan,Japan,
,,"3,560",1540885,,,
,,"1,870",1012891,,,
Female,,"9,080",237393,Japan,Japan,
,,"125,460",145312,,,
Male,,"26,630",267737,Japan,Japan,
,,"2,600",1257983,,,
Female,Office worker,"179,280",334803,Japan,Japan,
,,"1,090",1817944,,,
,,780,1816434,,,
,,"76,500",1612408,,,
Female,,"1,320",56676,Korea,Korea,
Male,Other,"3,460",1275878,Brazil,,
Female,Designer,"2,170",1054294,China,China,32
Female,Student,"3,500",1572416,Vietnam,Vietnam,
,,"9,680",147216,,,
Female,Housewife/ Househusband,"184,380",59400,Japan,,
,,"9,680",1340667,,,
,,"48,740",758818,,,
Male,,"1,390",1598004,,,26
,,"8,970",1716447,,,
Male,,"8,990",1389213,Taiwan,,
,,"1,430",1514770,China,,
,,0,327251,,,
,,500,371174,,,
,,"44,780",236416,Japan,Japan,
,,"21,320",1148255,Japan,,
Male,,0,331639,China,China,35
,,"9,940",1310373,,,
Female,Office worker,"9,300",151479,China,China,31
,,"59,470",1743449,,,
,,"2,010",685517,,,
Female,,"1,900",1718592,Indonesia,Indonesia,
Male,Student,"10,600",1143688,Korea,Canada,
Female,Student,630,705524,Taiwan,Taiwan,29
Male,,"27,470",650021,Japan,Japan,
,,380,335478,,,
,,"6,600",1827761,,,22
,,"22,830",308004,,,
,,"6,620",1164809,,,
Male,Student,760,1530714,China,China,24
,,"18,760",275296,,,
Female,Student,"1,680",1496858,Taiwan,Taiwan,23
Female,Student,"1,870",594238,China,China,27
,,"26,810",497253,,Japan,
,,660,481159,,,
Female,Designer,"1,810",1339382,,,
Female,,250,180210,,,
,,0,1750777,,,
,,"21,520",360757,,Japan,
,,"36,510",1745167,,,
,,"28,940",243730,,,
Male,,920,1777059,Japan,Japan,27
,,"7,130",1087453,Taiwan,Taiwan,
,,"5,120",862044,,,
Male,Student,"7,270",1460126,Taiwan,Taiwan,25
,,"50,460",1564045,,Japan,
Female,,0,399587,China,China,29
Male,Student,600,703583,Japan,Japan,
Female,Student,180,1039360,Vietnam,Vietnam,26
Male,Student,"24,240",1817752,,,24
Male,Student,0,139420,China,China,31
,,"35,160",521254,Japan,,
,,0,133431,,,
,,"7,780",1329610,,,
,,"13,930",460055,,,
,Student,"2,320",942159,China,China,
,,"3,730",1839425,,,
,,"11,700",1328421,,,
,,"35,000",174208,,Japan,
,,"1,700",82042,,,
Female,,540,1823325,Taiwan,Taiwan,
Male,Other,0,424700,Taiwan,Taiwan,45
,,"9,610",1362,,,
Female,,0,346730,China,China,
Female,Office worker,550,423501,Japan,,
,,"1,460",883063,,,
Female,Student,"9,100",429060,United Kingdom,United Kingdom,
,,"17,090",1165688,,,
Male,,"14,990",1062991,Japan,Japan,
,,"2,300",165989,,,
,,220,1088746,,,
,,"27,150",673668,,,
Male,,"78,530",1342103,Japan,Japan,
,,"1,410",1361615,,,
,,710,990042,,Ukraine,
,,"4,210",1530997,,,
,,"5,240",253162,,,
Female,,"12,530",772048,,Japan,
,,"245,240",955754,,,
Female,,"3,510",1525004,Japan,Japan,32
,,"11,210",270047,,,
Female,Student,"1,010",770740,,,27
,,"39,190",246648,,,
,,0,159199,,,
,,"5,830",794729,,,
,,"65,000",273103,,,
Male,,"2,170",1521058,Japan,,26
,,900,1795721,,,
Male,,"15,090",648862,,Japan,
Male,Student,470,1121411,Vietnam,,24
Male,Designer,"26,790",1457708,China,,
Female,,200,399648,China,China,28
,,360,1634133,,,
,,"11,210",145011,,,
Male,,"217,990",656571,,,
Female,,40,1575071,,,
,,"3,170",1157276,,,
,,"5,720",1622296,,,
,,0,130159,,,
Female,Student,"1,120",1162501,China,,
Male,,"21,430",672207,Japan,Japan,44
,,150,1776662,,,
Male,,"2,520",1463032,Japan,Japan,27
Female,Student,"60,900",768536,Brazil,Brazil,
Female,,"1,350",219554,Japan,,
,,"13,720",1553102,,,
,,"2,620",770451,,,
,,"5,730",1226646,,,
,,150,1729078,,,
,,0,1357127,,,
Male,Student,"16,300",1248036,France,France,29
Male,,"37,490",400461,China,China,33
Female,Student,"1,860",1470185,China,China,23
Female,Office worker,"97,480",228007,,Russia,
Female,Student,"2,010",1040247,China,China,
,,"11,160",827554,,,
Female,Student,160,1639395,New Zealand,New Zealand,
Female,Student,650,988774,China,China,25
Female,,250,41479,Hong Kong,Korea,
Female,Office worker,630,213068,Japan,Japan,
Male,,"2,450",331029,Spain,Spain,33
,,690,1632987,,,
Female,Student,150,940649,,,21
,,0,592644,,,
,,"48,410",292112,,,
Female,,"2,700",190072,China,China,30
Female,Student,"11,280",409056,Taiwan,Japan,
Female,,"32,860",735929,Japan,Japan,
,,"1,180",155500,,Japan,
Male,Programmer,360,817498,Italy,Italy,49
Female,Office worker,"1,270",269227,China,Japan,33
,,600,575856,,,
Female,Student,600,845742,Sri Lanka,Sri Lanka,32
Female,,"8,490",1797668,Japan,Japan,28
,,"7,150",674492,,China,27
,,"5,940",46309,,Japan,
,,"2,980",579011,,,
,,"4,020",1071776,,,
,,150,1745980,,,
,,240,1091712,,China,
,,"66,710",95903,,China,
Female,,"17,560",523200,China,China,
,,"1,200",225359,,,
,,940,1452557,,,
Male,Student,"2,120",995815,Vietnam,Vietnam,26
,,700,1562660,,Japan,
,,630,1795251,,,
Female,,"2,060",356199,Japan,Japan,32
Female,,"3,080",350025,Japan,Japan,27
,,150,1818576,,,
Male,,"26,980",341174,Russia,Russia,
,,"73,980",545439,,,
Male,,"3,300",350569,Japan,Japan,
,,"14,700",1691705,,Japan,
Male,Student,520,1831662,Japan,Japan,24
Male,,"13,840",1526291,Japan,Japan,30
,,"2,490",1665219,,,
,,"19,830",1737538,,,
,,230,786890,,,
,,860,642929,,,
,,"4,430",1689464,,,
Male,Student,0,176196,China,China,25
Male,,"6,440",390832,Hong Kong,Hong Kong,
Female,,"5,970",59132,China,Japan,39
,,"3,950",1317434,,,
Female,Other,"3,550",1703147,,,28
,,710,1261801,,China,
,,"2,020",1776168,,,
,,"7,490",398228,,,
Female,Student,"2,280",828753,China,,
,,"12,140",9606,,,
,,"1,330",1258414,,,
Female,,710,42963,,,
Male,,"8,590",1152998,Japan,Japan,25
Male,,0,335967,,Taiwan,
,,"3,150",366818,China,,
,,"4,070",1152759,,,
Female,"Other
 : 通訳者",0,571235,China,China,32
,,"1,250",399530,,,
,,"2,550",705353,,,
Male,,"1,300",66498,Japan,China,34
Female,Student,0,827672,France,,
Male,Student,"14,980",238361,China,China,26
,,"79,070",90873,Japan,,
,Student,"10,500",1654466,Japan,Japan,23
,,"6,440",504311,,,
,,"7,310",1145701,,,
,,"61,600",9242,,,
Male,Office worker,"3,390",889263,China,China,
Female,Student,"4,300",1829021,U.S.A,U.S.A,
Female,,"9,010",367633,Japan,Japan,28
,,880,1696118,,,
,,410,1489436,,,
Female,Designer,"12,530",105318,Brazil,Brazil,
,,"4,450",1694366,,,
,,550,676813,,Japan,
Female,,"1,080",877840,Brazil,,
Female,,"1,410",1554255,,,
,,"10,210",1650183,,,
,,"20,210",503010,,,
,,"75,830",413757,,,
Male,,"93,840",35668,Japan,Japan,31
Female,,"717,920",1607949,China,China,
,,"520,140",1428986,,,
,,"184,360",806130,,,
Female,Office worker,"6,180",1596717,China,China,
Female,Student,750,516310,China,China,29
,,"6,290",1689057,,,26
,,"2,600",168188,,,
Female,,"1,720",1097177,Indonesia,Indonesia,25
,,"4,620",71711,,,
Female,,"3,580",1648899,Canada,,
,,"6,400",349491,,,
,,"2,490",1046826,,,
Female,,"1,730",1405902,Japan,,
Male,,0,225685,China,Japan,33
Female,Student,"1,500",366335,China,China,
Female,Student,"7,090",1009627,China,China,25
,,450,1628766,,,
,,"3,500",1332179,,,23
,,"14,610",710284,,,
,,"13,970",765118,,Japan,
Female,,"82,150",412689,Japan,Japan,
,,560,1391360,,,
,,240,929488,,,
Female,,"10,900",330531,Romania,Romania,30
Male,,"6,000",328850,Taiwan,Taiwan,35
,,"14,410",653046,,,
,,950,1367812,,,
,,"15,580",174484,,,
Male,,0,43842,Taiwan,Taiwan,40
Female,,"22,360",1341340,Japan,,
Female,,"1,760",350696,Taiwan,Japan,37
Female,,"2,000",366848,China,China,28
,,"22,420",346202,,,
,,150,1131084,,,
Female,Student,150,979792,Vietnam,Vietnam,21
Male,,640,1837340,Jordan,Jordan,
Female,,"1,710",1555051,Japan,,
,,150,769157,,Japan,
Male,Student,"5,010",1706159,Japan,Japan,
,,840,1285818,,,
,,150,724081,,,
,,"9,670",1771749,Japan,,
,,"7,570",754799,,,
Female,Housewife/ Househusband,"495,470",553042,,Japan,
,,"17,620",795333,China,Japan,
Female,,850,1371457,China,Japan,
,,"141,730",1365334,,,
Male,,"6,040",152073,Japan,Japan,43
Female,,"88,660",399744,China,Japan,22
Male,,"18,570",769223,China,,
,,"1,160",1687136,,,
Female,,620,410989,Japan,,
,,"2,080",789484,Korea,Australia,
Male,,"4,730",1098555,China,China,28
,,310,1670577,,,
,,"19,890",179873,,,
Male,Designer,170,1258109,China,China,33
,,"1,670",805347,,,
Female,Student,150,918714,Japan,Japan,
Male,,"10,680",322931,China,,
,,"41,710",1611532,,,
,Office worker,"1,250",75961,Japan,Japan,
Female,,0,237119,China,China,31
,,0,1655759,,,
Female,,600,256629,Japan,Japan,38
Female,,"28,150",589657,Poland,Poland,28
,,"10,240",357132,,,
Male,,"2,020",763816,Japan,China,37
,,"19,730",1245109,Spain,Spain,31
,,"21,700",1302635,,,
Male,,"2,140",1310499,Japan,,
,,"62,990",675172,Japan,Japan,
,,"23,950",580712,Japan,Singapore,
,,"8,120",1285325,,China,
Male,,"2,390",1396068,China,China,
Male,,"3,070",1614879,Japan,Japan,
Male,,"4,890",1770716,Taiwan,Taiwan,31
Male,,"4,150",188050,Korea,,32
,,"13,770",494783,,,
,,190,703429,,,
Female,,"12,850",500933,,,
Female,,"7,520",1403699,Japan,Japan,34
Male,"Other
 : 魯蛇","26,940",1731905,Taiwan,Japan,31
Male,Other,"55,930",45548,Japan,Japan,
,,"84,760",591480,,Taiwan,24
Female,Other,"19,420",1370908,Colombia,Colombia,24
,,"1,960",1658889,,,
,,"50,770",363872,Belarus,Belarus,
,,160,1786426,,,
Female,,"1,470",65681,Japan,Other Countries,
,,"1,200",534339,,,
Female,Student,910,1350798,Russia,,24
,,150,1752096,,,
Male,Student,240,1114470,,Ecuador,24
Female,,"4,190",306913,Vietnam,Japan,34
,,"14,740",1392497,,,
,,0,1266854,,,
,,850,1657038,,,
,,"12,540",69465,,China,
,,150,780932,,,
Female,Office worker,"8,200",913812,Japan,Japan,38
,,950,811789,,,
Female,Office worker,"17,480",1659421,Japan,,28
Female,Student,150,1730245,,,
Female,,"2,790",456767,Argentina,,33
Female,Teacher,220,406080,Vietnam,Japan,
Male,Other,"19,780",982046,,U.S.A,
Female,Student,100,522726,Japan,Japan,27
Female,,"4,860",1211252,Brazil,,29
Female,Student,430,1574859,,,25
,,"22,800",901320,,,
,,"12,130",1179474,Korea,,
,,"9,900",501711,,,
Female,Student,920,533466,Vietnam,Vietnam,28
Female,Student,"5,040",85546,Poland,Poland,29
Male,Student,"3,160",543673,The Netherlands,,
Male,Engineer,"6,610",96432,Russia,Russia,42
,,170,685647,,,
Female,,"138,480",152126,Japan,Japan,
,,"17,370",1064560,,,
Male,,"17,470",297752,Malaysia,Malaysia,27
Male,,"660,660",1044662,,Japan,
,,"11,400",1353845,,,
Female,,"1,040",268440,Japan,Japan,29
,,150,1756377,,,
Male,,"7,980",1842982,,,26
,,160,802607,,,
,,"4,200",399373,,,
,,"9,330",1734254,,,
,,"52,860",556313,,,
,,"23,110",1010251,,,
Female,,"1,100",326338,China,China,
Female,Office worker,"3,070",594335,Italy,Italy,43
,,"35,960",298968,,,
,,180,908168,,,
,,"22,620",717009,France,Canada,
,,"452,540",1128633,,,
Male,Engineer,"3,600",254508,China,China,
,,380,665240,,,
,,0,875880,,,
,,150,1508856,,,
,,660,1681288,,,
,,"1,290",1292283,,,
,,0,292431,,,
,,"71,450",1547958,,,
Female,Student,150,1466817,,China,
Female,,"2,740",744297,,Taiwan,
,,"828,370",1590035,,,
,,"11,670",1386667,,,
,,360,1770434,,,
Female,,530,1572584,China,,24
Male,,"21,420",1247051,France,,
,,"353,700",1623594,,,
,,"2,090",1677882,,,
Female,Student,200,194961,Japan,Japan,30
,,"1,500",306957,,,31
,,170,1025854,,,
,,"53,690",1364520,,Japan,
Male,,"41,200",940567,,,
Female,,"1,320",1119810,Japan,,29
Female,Other,0,560650,,Germany,
,,"60,830",930927,,,
,,"601,010",914776,,,
,,"22,260",1611310,,,
,,150,807720,,,
Male,,"6,180",344748,,,
,,850,1426543,,,
,,"36,570",762126,,,
Male,,"4,900",769423,,,
Male,,"11,160",10544,Argentina,Argentina,33
Female,,"3,070",843263,Japan,,
,,"1,245,450",13557,,,
Male,,0,144705,Japan,Japan,34
,,"3,570",784507,,,
Female,,200,1190690,,,
Female,Other,"2,300",346463,Japan,Japan,
,,140,418058,,,
,,150,1069913,,,
Female,,"7,150",1203463,,,
Male,,"250,340",176107,Japan,Japan,33
,,"1,630",1365795,,,
,,"13,020",208729,,,
,,"5,260",1032249,,,
,,"5,060",896465,,,
Female,Housewife/ Househusband,"21,030",1330923,,Japan,
Male,,150,1387339,Brazil,,
Male,,"104,400",1501488,Belgium,Belgium,34
Male,Other,"2,210",616990,Chile,Chile,
Male,,"4,030",305185,Japan,China,
,,"88,710",296659,,,
,,"2,620",795899,,,
,,250,809064,,,
Female,Student,180,645461,China,China,
Female,Student,"4,910",1345295,China,Japan,23
,,150,1747560,,,
,,"247,400",56871,,Korea,
,,900,1779924,,,
Male,,"1,090",1287730,,Brazil,38
Female,,"34,910",86231,China,China,30
Female,Student,830,472033,Taiwan,Taiwan,26
,,150,1622609,,,
,,"5,570",506728,,,
Female,Student,350,232608,Vietnam,,32
,,150,1540234,Taiwan,,25
,,"20,640",271011,,Japan,
Female,Student,0,525218,Brazil,,
,,0,290406,,,
,,550,102469,,,
Female,Student,170,1640340,Russia,Russia,
Male,,0,121449,Taiwan,Taiwan,
,,260,1236796,,,
,,"6,390",1113769,China,China,
,,770,570984,,,
Male,Student,"3,460",662844,Japan,Japan,30
Male,,"2,190",557138,Japan,Japan,28
Female,,"1,550",46898,Japan,Japan,31
Female,,0,1190533,Mexico,,
Female,,"9,700",1094277,Taiwan,Taiwan,
Female,,"2,770",651752,Japan,Japan,28
Female,,0,325106,China,China,31
,,"2,790",1377646,,Japan,
Male,Engineer,"1,000",189418,Thailand,Thailand,
,,"195,350",316808,,,
Male,,200,147989,Indonesia,,
,,760,1036896,,,
Female,,450,295018,Japan,Japan,33
Male,,"4,660",612827,,,
,,"323,190",1021212,Taiwan,Taiwan,
,,150,1725263,China,China,
,,"64,330",1127188,,,
,,"7,280",932561,,,
Male,,320,1554679,China,China,24
,,"2,840",1614061,,,
Female,,0,521463,Japan,Japan,
Female,Student,630,1839377,China,China,
,,"4,030",1068038,,,
,,"12,690",1258941,,,
,,"1,030",1372333,,,
Male,Other,"9,910",1404622,Taiwan,Taiwan,30
Female,,"329,700",997612,Japan,Japan,
Male,,"1,750",365670,Japan,Japan,
,,"41,880",1274623,,Korea,
Male,,"147,370",1116627,Iran,Iran,
Female,,0,357600,Taiwan,Japan,32
Female,Other,"6,700",777437,Mexico,Mexico,51
Male,,"15,020",155759,Japan,Japan,
,,0,1559473,,,
Female,,230,1399272,Japan,Japan,
Male,Engineer,"3,740",29252,Korea,Korea,
Female,Student,"7,690",539398,Japan,,25
Female,,"4,350",230067,China,China,29
,,"34,130",174072,Japan,Japan,
Male,,0,344272,Peru,Peru,32
Male,,"1,150",139369,Japan,Japan,41
,,260,1259502,,,
Female,,350,362343,Japan,,
Female,Student,"4,820",1064727,Russia,,25
,,"1,650",13032,,,
Female,,"2,650",484051,China,China,
Female,,"14,900",252925,China,China,28
,,"28,900",231789,Japan,,
,,"13,730",1215951,,,
Female,Office worker,"1,150",414659,Japan,Japan,
,,0,1280320,,,
,,"22,490",123806,,,
,,150,1650556,,,
Male,Student,"39,410",553724,Mexico,,30
,,"1,000",1033084,,,
,,70,323255,,,
,,"31,720",824853,,,
Male,,"23,320",18058,China,,
,,420,1154873,,,24
Female,Other,"8,180",1222130,Russia,Russia,
Male,Student,0,621588,China,Japan,30
Female,Office worker,350,62643,Vietnam,Vietnam,
Female,,"92,710",1552803,Japan,Taiwan,
,,"2,420",260779,,,
Male,Student,"10,280",935622,Japan,,
,,"1,470",1667221,,,
,,"1,950",1575028,,,
Male,,450,339421,Japan,Japan,30
,,"14,410",1147712,,,
,,0,549883,,,
Male,,"1,480",1742506,China,,29
,,"2,500",1115148,,,
,,"58,700",1362496,,,
Female,,"1,620",1558651,Japan,Japan,
Male,,"1,570",1113278,,,30
,,"14,850",353718,China,China,
,,"3,490",435110,,Brazil,
Female,Student,"78,620",811746,China,China,26
Female,,"8,190",485548,,Russia,
Male,Office worker,20,1583403,Japan,Vietnam,32
,,"63,140",669348,,,
,,"4,030",1696330,,Taiwan,38
Female,Student,"112,440",642699,,Italy,
,Student,"53,260",331971,China,,
,,380,1047954,,,
,,"202,250",682154,,,
Female,,"4,820",1713328,Japan,,
,,"1,960",91652,,,
,,"1,790",1611644,,Japan,37
Male,,"89,330",259269,Brazil,Brazil,
Male,,"10,630",1437548,Japan,Japan,
,,"11,700",1402449,,,
,,"28,000",867929,,,
Female,,"6,160",1687873,Japan,Japan,
,Student,"113,830",1329676,,,
Female,,"2,000",446811,,,
,,"674,340",453056,,,
Female,,220,627481,,,27
Male,,"9,900",1257841,Hong Kong,Hong Kong,
Female,Student,"1,990",1746886,China,China,26
,,"1,420",1287339,,,
Female,Office worker,"11,520",1562421,Japan,,38
,,"9,390",641722,,,
Female,,"3,940",1376539,China,Japan,31
,,0,167643,,,
Female,Office worker,150,798415,China,China,31
Male,Student,"7,430",429094,Myanmar,,
Male,Office worker,300,146749,Japan,Japan,
Male,Student,0,166259,China,China,
,,"4,520",352200,,,
Female,Student,360,800875,China,China,26
,,150,1536468,,,
,,"1,690",1509096,,,
,,150,1493693,,,
Female,,"9,540",408714,,,
Female,Student,440,840063,Japan,Japan,27
Female,Student,610,1127661,China,,26
Female,,920,1461001,Vietnam,Vietnam,24
Female,Student,150,809403,Japan,,
,,"94,410",17267,Japan,Japan,
Male,"Other
 : Químico - Professor de Química",870,1098233,Brazil,Brazil,29
,,"23,250",497160,,,
,,0,52946,,,
Male,Student,"4,090",1089626,Japan,Japan,25
,,"2,020",1338249,,,
,,100,1513435,,,
,,570,1493150,,France,
Female,,"9,110",1491720,Russia,,
,,"36,060",186479,,,
,,740,1733989,Monaco,,
Male,"Other
 : 農業（セカンドビザ取得中）","3,920",1250310,Japan,Japan,33
Female,,"2,800",177205,Japan,New Zealand,
Male,"Other
 : work at the justice court","13,860",1528669,Brazil,,
,,"8,800",1133035,,,
,,140,1087821,,,
,,150,1760387,,,
,,"6,450",534290,,,
Male,"Other
 : actor",0,373854,Japan,Japan,30
Female,,"2,190",619759,Vietnam,,
Female,,300,279206,China,China,30
Female,Student,100,1720249,China,China,23
,,520,1733328,,,
Male,Office worker,920,745294,China,Japan,28
Female,Office worker,"1,000",130438,,Japan,
,,160,904561,,,
Male,Engineer,440,306527,Japan,Japan,44
,,500,936950,,,
Female,Student,"1,250",325656,China,China,
Male,Student,750,1574248,Brazil,,23
Female,,380,1745285,Thailand,Thailand,25
,,"2,440",649612,Japan,Japan,
,,"9,000",1260321,,,
Male,,"4,110",1594295,Vietnam,Vietnam,31
,,"26,720",24062,Japan,,
,,"39,170",314220,,,
Female,Office worker,"2,040",994035,Vietnam,Vietnam,
Female,,"1,730",1759606,Japan,,
,,330,799559,,,24
,,"6,670",811649,,,
Male,Student,0,722540,,,
Female,Office worker,210,1189061,China,Japan,
Female,,"4,600",1531283,Japan,Japan,
,,570,1150693,,,
,,180,1147822,,,
Male,Engineer,40,1312337,China,China,27
,,730,731985,,,28
Male,Engineer,"21,990",812203,Japan,United Kingdom,46
Female,,"4,020",1223392,Japan,Japan,23
Male,Other,"28,350",269260,Japan,Japan,
,,"6,810",1185880,,,
Female,Office worker,"10,180",572457,Japan,Thailand,47
,,"671,810",99449,,,
,,"282,890",534543,,,
,,"2,250",1286848,,,
Female,,620,282181,,China,
Female,,"64,660",1263016,China,,
,,"1,500",769295,,,
,,280,1770492,,,
Female,,0,1821579,China,China,28
,,"9,190",747669,,,
Female,,270,1556885,China,China,
Female,,"9,360",748043,Chile,,30
Male,Office worker,"12,850",1673228,China,Japan,28
Male,,"24,230",825615,Japan,Japan,
,,250,693312,,,
,,600,58748,,,
,,"1,570",961575,,,
Male,Office worker,"80,960",1163241,Japan,Japan,39
Male,Student,"3,650",1508723,Japan,Japan,23
Female,Student,30,208389,China,China,28
,,"26,850",759593,,,
Male,Student,510,1732651,Japan,,
Female,,"2,530",313548,,,
Male,Engineer,"138,060",231452,Japan,Japan,48
Male,Programmer,"1,540",1827020,,Russia,30
Male,,"15,800",28590,,Japan,
Male,Student,"173,590",641368,Canada,,
Female,,250,1060294,,Taiwan,
,,"2,230",1815124,,,
,,360,1736334,,,
Male,,"20,530",328495,Japan,Japan,38
,,"1,950",571567,Taiwan,Taiwan,
Male,Programmer,"67,630",1547271,U.S.A,U.S.A,
Male,Programmer,640,1315983,,The Philippines,
,,"3,590",1042112,Taiwan,,
,,"9,730",645152,,,
Male,,0,309161,Japan,Japan,
,,"78,390",120952,,,
Male,Student,"3,470",429677,Finland,Finland,27
,,"24,770",1186992,China,,
Female,,490,1034714,China,China,27
Male,,"18,340",1226715,China,China,25
,,700,461459,Japan,,
,,410,1781590,,,
Male,,970,1640572,Japan,Japan,25
,,"28,840",465210,,,
Male,Student,350,1394786,China,Japan,
Male,Office worker,0,542935,Japan,China,51
,,"2,620",937389,,,
Female,,420,1303050,China,China,
,,"3,720",1432716,,,
Male,Student,"4,510",1639212,Poland,Poland,
Female,,260,1491200,,,
Female,,"6,510",1364580,China,,
,,"1,130,690",356349,,,
,,"88,950",422410,,Taiwan,
,,150,1185053,,,
Male,Programmer,150,781635,Taiwan,,34
Male,,"58,990",483963,Japan,Japan,
Female,,330,824936,Japan,,
Male,Other,"3,710",270995,Japan,Japan,34
Female,,990,1131126,China,China,24
,,150,1671707,,,
,,"27,850",355350,,,
,,"18,820",280068,,,
,,"1,270",986131,,,
Male,Student,"2,550",1485627,Vietnam,Vietnam,21
,,"2,530",1158033,,,
Female,,0,324192,China,China,30
Female,,"1,500",1499709,Japan,Japan,29
Male,,910,1161217,China,China,
,,150,948617,,,
Male,,"92,460",400152,China,China,
,,"1,659,680",363425,,,
Male,Student,"1,370",362325,China,China,29
,,"3,010",827937,,,
Male,Engineer,"1,820",1571917,Korea,Korea,37
Female,,"9,890",396356,China,China,
Female,,"17,400",1431333,,,
Male,,"49,230",1307175,Russia,Russia,26
Male,Student,"2,230",1742958,Iran,,
,,560,1268684,,Russia,25
Female,,"24,470",1142481,Japan,Japan,
Female,,50,420134,Korea,Korea,
Male,,"1,950",10740,,Japan,
,,710,816213,,,
,,"42,790",820987,,,
Male,Teacher,"22,570",456887,,,
Male,Engineer,"2,420",1346634,China,Japan,
Male,,400,219443,China,Korea,34
,,"1,670",1172041,,,
,,"5,170",409690,,,
,,"12,460",684294,,,
,,"4,530",1199719,,,
Female,Teacher,"187,880",713118,China,China,
,,0,138581,,,
Female,,870,857886,France,,25
,,"2,800",653985,,Japan,
,,"5,480",618374,,,
,,"9,230",1467084,,,
,,150,1113614,,,30
Female,Other,"4,090",479275,,Japan,
,,190,1472236,,,
Female,,"7,240",1258181,Japan,,
,,"19,630",1271038,,,
,,260,868744,,China,
Female,,"14,970",54115,China,U.S.A,
,,"22,790",147780,,,45
Female,Student,150,1103970,China,,
,,"101,940",364372,Japan,,
,,"159,860",146845,,,
Female,Designer,"4,340",447437,China,China,23
,Student,"5,660",1251853,,Japan,
,,100,730401,,,
Male,,"4,280",1578399,Japan,Japan,27
,,0,1152702,,,
Male,,"5,690",1613258,,,
Female,,0,1710385,Vietnam,Japan,
,,"7,860",1138470,,,
,,"35,370",1334745,,,
,,150,1035223,,,
Female,,0,280653,China,China,27
Male,,"9,430",995646,Japan,Japan,
Male,,"7,110",949338,Japan,Japan,39
,,"5,260",1117104,,China,
,,"11,220",364190,,,
,,150,786828,,,
Male,,0,47959,Taiwan,Taiwan,40
,,"30,370",1198114,,,
Female,Office worker,"9,750",1461977,Japan,Japan,24
Female,,"1,090",729904,,,
,,"4,280",1836478,,,
Female,Student,"1,440",1309470,Spain,,22
Male,Engineer,"1,980",1394728,China,China,29
Female,,100,110116,China,China,29
,,"6,930",194107,,,
,,"130,010",1573147,,,
Male,Other,30,661091,China,China,29
Female,,0,62828,,,
Female,Student,530,1302828,Taiwan,Taiwan,19
Female,,"5,030",593462,,China,
,,"1,150",1204283,,,
Female,,30,1844400,Thailand,Japan,36
Male,,"3,560",625125,China,China,
,,"2,300",1769991,,,
,,"9,640",1618167,,,
Male,,"44,590",491376,Czech,Czech,
,,150,1001289,,,
Female,Artist,"13,070",568379,Sweden,Sweden,
,,530,1426692,,,
Male,Student,"5,380",1486045,Japan,Japan,27
Male,,"15,430",766038,Japan,Japan,
Female,Office worker,900,1823945,China,China,29
Male,Student,"10,980",1443216,Japan,Japan,20
Male,,0,216479,Japan,Japan,50
,,230,752987,,,
,,"529,120",421314,,,
Male,Student,900,970995,Japan,Japan,31
,,"21,030",1170772,,,
,,970,921488,,,
,,"58,190",284250,,,
,,"3,880",1239378,,,
Female,,50,169207,The Philippines,The Philippines,32
,,390,703645,,China,
,,40,1396817,,,
,,"66,840",398647,,,
,,330,633932,,,
,,"4,150",1077446,Japan,,
,,"50,200",849784,,,
,,"4,760",592622,,Japan,
Female,Teacher,0,1379100,China,China,32
Female,,"2,850",152907,Japan,,
Female,Office worker,"6,260",247761,Japan,Japan,53
Female,Student,300,811913,Taiwan,Japan,
Female,Student,"12,380",386675,China,Japan,31
Male,,"11,180",1679248,,,
Female,,"15,990",1670514,Germany,,38
,,"7,380",1740217,,,
Male,,"1,380",1534889,Japan,Japan,
Male,,"18,990",743458,Japan,Japan,35
,,"5,170",1647620,,,
,,0,435914,,,
Female,,"2,700",988043,Japan,Japan,26
,,210,1550709,,,
Female,,0,42496,China,China,34
Male,,"28,650",1697903,Japan,,
Female,,"1,470",59390,Japan,Japan,
,,"15,660",316687,,,
Male,Other,"1,509,220",1699234,Russia,Russia,46
Female,,750,549284,Vietnam,U.S.A,24
Male,,"3,270",278539,China,Korea,29
Female,Student,"1,930",1487788,,Japan,27
,,150,1842762,,,
,,150,1834854,,,
,,"14,640",1278665,,,
Female,,960,1338041,,,25
Female,,0,412598,Brazil,Brazil,26
,,"2,200",273149,,,
Male,,390,662333,,China,51
Male,,0,295196,Japan,Japan,
,,"193,940",687476,Ireland,,
,,"26,130",12183,,,
,,"27,730",522748,,,
,,150,1096644,,,
Female,Office worker,140,631185,China,China,
,,"7,300",1550165,,,
Male,,"322,610",64423,China,Japan,31
Female,,"2,920",1335852,China,Japan,
,,270,1167901,,,
,,"39,100",1825579,,,
,,"19,190",1195689,,,
Male,Office worker,"1,300",485864,Japan,Japan,48
Female,Student,"14,900",513577,,China,28
,,270,697518,China,,
Female,Other,"1,800",1640477,Russia,Russia,32
,,"497,620",605339,,Japan,
,,"51,200",165495,,,
Male,Student,"1,450",1844940,Korea,Korea,
,,"5,150",603648,China,China,
,,"16,470",1575800,,,
,,"33,800",1325313,,,
,,0,1726396,,,
,,"54,390",788687,Japan,,
,,0,598898,,,
Female,,0,346951,,,30
Male,,"4,310",478519,,,40
Male,Student,"7,750",1736211,Korea,Korea,29
,,790,1714093,,,
,,"10,800",448212,,,
Female,,"3,840",1507792,Indonesia,,
Male,,"421,870",821125,Japan,Japan,32
Male,Engineer,180,742237,,China,28
,,"5,150",485234,,,
,,100,1518200,,,
,,"18,420",49251,,China,
Female,Student,"2,200",314969,China,China,29
Female,,"4,230",1277346,Japan,Germany,
,,"18,230",1790171,,,32
Female,,"3,890",782979,Japan,Japan,30
,,"2,710",969746,,China,
,,250,574689,,,
,,340,1361041,,,
,,100,823512,,,
Female,Student,"2,460",858284,,,
,,"101,580",1839868,,,
Female,,"1,350",331474,Indonesia,Indonesia,25
Male,Programmer,"13,380",1478690,,Japan,33
Female,,"1,930",653414,Japan,Spain,
Female,Student,"87,810",1585120,Taiwan,,28
Female,Student,"2,610",690192,Italy,,28
,Student,600,160862,,,
Female,,580,1773506,Japan,,22
,,"4,050",1685960,,,
Female,,"19,720",601127,,France,
Female,,0,290464,,Taiwan,30
,,260,1351356,,Taiwan,
Male,,"1,060",988221,China,China,
Female,,0,419003,China,,30
Male,Engineer,160,554868,Japan,Japan,
Female,"Other
 : staff of hotel",550,97516,,,
,,180,1768313,,,
,,900,126020,,,
,,150,9851,,,
Female,Student,"4,180",1277876,,,26
Female,,100,393325,China,China,28
Female,,"4,440",129444,Vietnam,Vietnam,34
,,"49,250",882082,,,
,,"1,960",497100,,,
Female,,"7,370",1189190,,U.S.A,38
Male,Office worker,"4,430",1442116,Japan,Japan,41
Female,,370,1536446,,,23
,Engineer,"17,060",132405,,,
,,0,531385,,,
,,"9,970",721689,,,
,,"4,400",662546,,,
,Student,"14,520",353940,,,
,,"5,590",1747770,,,
Male,,550,178658,Japan,,34
Female,,"6,750",336511,Korea,U.S.A,39
Female,Student,"3,170",353603,Sweden,Japan,31
Male,Office worker,0,213036,Japan,Japan,35
Female,Student,700,447354,,China,
,,"2,150",271354,,,
,,"10,140",162912,,,
,,"71,280",1332853,,,
Female,,150,385813,China,China,28
,,"8,420",265204,,,
Male,Student,"17,840",867764,Argentina,Argentina,27
,,250,758610,,,
Male,,360,202852,Algeria,Algeria,34
Female,,"6,050",1508607,,,
,,"5,420",1485549,,,
,,"18,260",1730457,,,
Female,,550,542976,,,
Male,,"3,410",296959,Japan,,
Female,,"1,850",408984,China,China,30
,,190,1643392,Vietnam,,
Female,Student,"1,640",799182,China,Japan,
Male,,0,57460,China,China,32
Male,,"21,560",404228,Japan,Japan,29
Female,,570,259662,China,,
Male,,"11,470",347716,Japan,Japan,32
,,"5,440",689798,,,
Male,Student,"1,210",594225,China,China,26
,,"20,910",950286,,,
,,"29,410",356581,Japan,Japan,
Female,,"3,770",329794,China,China,27
,,"46,120",314067,,,
,,0,580741,,,32
Female,,"9,820",1119308,,,
,,"10,510",1707479,,,
,,"7,710",1842433,,,
Male,,"4,220",372565,Japan,Japan,24
Female,,"3,470",409448,Taiwan,Taiwan,30
,,"320,790",1307587,,,
Female,,"22,960",230609,Taiwan,Taiwan,30
Female,Student,"14,110",351788,Japan,Australia,26
Female,,"15,480",1085968,,,
,,"10,880",971684,,,
Female,Other,"10,660",299225,China,Japan,
,,480,1829755,,,
Male,,"56,600",633145,,Korea,
,,"39,110",1515911,Japan,Japan,
,,"23,050",1216166,Italy,,
Female,,"4,840",811384,,,
,,870,1327093,,,
,,"1,790",1114237,,,
Male,Engineer,"12,710",1594866,Japan,Vietnam,
,,"2,760",936028,,,
Female,,"6,740",1591570,Japan,,
Male,Engineer,"1,140",1445964,China,China,
Female,Office worker,"1,780",1179451,China,,31
,,"6,050",618368,,,
Male,,0,194052,Taiwan,Taiwan,31
,,640,1072982,,,
,,20,977169,,,
,,"19,340",56891,,,
Female,Student,840,1226747,Taiwan,Taiwan,
,Student,"2,190",389076,,,
,,"15,790",1321422,,,
Male,Engineer,"1,050",709274,Russia,Russia,33
,,800,918508,Japan,,
,,"31,000",1451211,,,
,,"5,100",625921,,,
Female,Student,"7,820",1604738,Russia,Russia,21
,,"31,760",1180710,,,
Male,,"15,850",408774,China,China,26
Male,,"19,170",193680,China,China,39
Male,Student,"2,200",1596812,China,China,25
Male,,"31,840",824803,,Germany,
,Student,"4,550",1435390,,,
,,"50,010",933868,,,
Female,,"1,250",389166,Taiwan,Japan,
,,560,701416,,,
,,180,900956,,,
,,760,1591992,,,
,,0,454334,,,
,,300,374380,,,
,,150,1736882,,,
,,"215,140",1581387,Spain,,
Female,Office worker,"4,720",429648,Japan,,31
,,280,1615677,,,
Female,,220,1140741,,,
,,130,1521919,,,
,,"4,990",576332,,,
,,"4,670",363521,,,
,,150,1039646,,,
Female,Other,"157,400",1125094,Latvia,Latvia,57
,Student,"5,340",208241,Japan,,
Male,Student,560,1534180,Brazil,Brazil,
,,"2,550",516412,,,
Female,Student,0,220030,Japan,Japan,31
,,590,1665660,,,
,,"10,750",341566,,,
Female,,"1,860",1247421,,,
,,950,80765,,Taiwan,
Male,,0,186584,Peru,,
Female,,"1,300",273067,Japan,Japan,41
Male,,0,168019,Myanmar,Myanmar,34
Female,Student,150,1325349,Algeria,Algeria,
,,"1,660",1777417,,,
,,710,350607,Indonesia,,28
Female,Student,"2,740",1031432,China,China,26
,,"4,650",442537,Chile,Chile,
,,"18,300",1118160,,,
Female,Student,"10,090",194520,Japan,Japan,33
,,"5,170",928178,,,
,,"32,730",194310,,,
,,"36,020",428356,Korea,,
,,"2,550",1381671,,,
,,"3,250",974875,,,
,,"9,480",107870,,,
Male,Other,"6,310",1210156,France,,39
,,"11,750",1454574,,France,29
,,"3,960",1649323,,,
Female,Office worker,"9,380",1591497,Vietnam,Vietnam,29
,,"5,010",448610,,,
Female,Programmer,170,135579,China,China,
Female,Student,720,233644,Japan,Japan,
Female,Student,0,1526241,,,
Male,,0,406320,China,China,28
,,"12,590",289831,,,
Male,Student,"2,340",740775,China,China,
,,"8,130",1541403,,,21
,,"1,520",649199,,,
Female,,0,273274,,,
,,"84,910",1693354,,,
,,150,1599543,,,
,,"9,530",942935,,,
Female,,840,273158,Japan,Japan,
Female,Student,380,1190058,China,China,
,,"1,840",1760721,,,
Male,Student,"1,220",1720415,,,
Female,Student,"1,580",1276611,,,18
,,"1,450",281008,Hong Kong,Hong Kong,
Male,Student,250,320775,Japan,Japan,27
,,"2,590",1777657,,Spain,
Female,Artist,200,359211,Russia,Russia,22
Male,,"3,480",589366,Japan,Japan,31
,,150,1384021,,China,
,,"24,480",741380,,,
,,150,1084277,,,
Female,Student,"2,140",723035,Taiwan,Japan,30
Female,,920,970583,Japan,Japan,
Female,,40,1387431,,Japan,
,,"3,900",1057086,,,
Male,,"285,390",146261,Japan,Japan,59
,Programmer,570,641418,,,
,,150,1102376,,,
Male,,460,748329,Japan,Japan,23
,,"9,280",240161,,,
Female,,"3,160",420017,Japan,Japan,
Male,Student,"186,760",1599503,Korea,Korea,27
,,440,1017610,,,27
,,"3,140",716690,,,
,,"2,250",1407187,,,
,,"1,296,450",191274,,,
,,150,1189509,,,
,,150,1839371,,,
Male,,400,244833,China,China,32
,,"22,210",1090643,,,
Male,Engineer,"14,870",1293438,,,
,,"59,660",1494688,,,
Female,Programmer,"44,710",1557603,Bulgaria,Bulgaria,
,,"9,380",1661282,,,
,Student,"15,440",1362861,,,25
Female,,"41,640",567752,Japan,,
Male,,"12,770",1323638,Japan,,27
,"Other
 : Traductor/Intérprete de Inglés-Español",160,1306928,,,30
Male,Other,"3,000",1641022,Japan,Japan,
Male,Student,90,400550,China,China,
Male,,700,1122440,China,China,27
,,"22,120",523608,,,
,,100,710931,,,
Male,Engineer,"26,260",225463,China,China,33
,,"77,210",396306,,,
Male,Office worker,930,1547497,Japan,Japan,51
,,190,1771691,,,
,,"59,070",1336968,Japan,Other Countries,
Female,,"14,990",150387,China,China,36
,,"1,250",1713811,,,
Female,Student,"4,520",668869,China,China,27
,,"72,960",1542944,,,
Male,,50,99925,Taiwan,Taiwan,44
Female,,0,405960,China,China,29
Female,,"3,900",276997,China,China,30
,,450,243162,,,
,Student,"49,690",608893,,Japan,
,,400,1685378,,,
,,"26,300",1000543,,The Philippines,26
,,150,923908,,,
Male,Student,180,1601070,Japan,Japan,29
,,"6,240",667514,,,
,Office worker,0,93246,,,
Male,Engineer,"17,780",654264,Korea,,
,,"2,210",824263,,,
,,620,1592547,,,
,,"21,230",733749,China,China,
,,"4,680",1301006,,,
Male,,"56,460",1076558,Japan,,
Male,,"39,960",75647,China,China,
Female,,210,1248821,Poland,,
,,"6,270",883396,,,
,,700,263489,,,
Female,Office worker,150,1190370,Brazil,Brazil,
,,170,1455363,,,
Female,Student,660,273872,Vietnam,Vietnam,
Male,Office worker,"29,270",1306725,Japan,,36
Female,,50,277170,China,China,33
,,"75,280",534107,,,
,,"1,180",1343431,Afghanistan,,
,,620,1616875,,,
,,"5,910",1836404,,,
,,"1,950",106460,,,
,,"1,300",181676,,,
,,"1,160",1261422,,,
,,"1,790",94091,,,
Female,,90,934396,Japan,Hong Kong,
Male,Student,"3,020",1309847,,,30
Male,,0,1693106,Japan,Japan,27
,,"1,770",1769259,,,
,,900,350411,,,
Female,,100,536328,Taiwan,,
,,"60,340",790303,,,
Male,Programmer,680,804806,China,China,27
Male,,830,1824449,Chile,Chile,23
Female,,"2,170",380718,China,China,28
,,"7,180",1143234,,,
,,180,723815,,,
Female,Student,0,622636,Colombia,Colombia,
,,820,679532,,Japan,
Male,Student,"5,100",184668,Vietnam,Vietnam,31
Male,Student,"6,920",1672237,China,China,
Female,,"18,110",857479,Korea,Korea,
Male,,"1,300",84974,Japan,Japan,33
,Student,"7,720",261033,,,
Male,Engineer,"1,420",599494,Japan,Japan,29
Female,,"7,900",1620041,Japan,Australia,
,,"2,340",1222268,,,
,,"1,263,020",549298,,,
,,"7,670",743539,,,
,,410,1289335,,,
,,"60,730",457065,,,
,,0,152098,,,
Female,Student,"1,050",817507,China,China,29
,,"20,770",1541350,,,
Male,Photographer,"28,670",508646,Japan,Japan,40
,,"1,170",817919,,,
Male,,260,73392,Poland,Poland,31
Male,,0,1032115,China,China,
Female,,"4,850",1351261,,,
Female,,550,310509,China,China,29
Male,,"14,480",948103,Japan,Japan,36
,,"120,150",1697595,,,
,,"9,330",1529105,,,
Female,"Other
 : юрист, lawyer.","26,720",1819399,,,
Male,,150,1557010,Russia,Russia,37
Male,Other,170,357181,Japan,,
,,"8,210",1174986,,,
Female,,"14,350",1274860,Japan,,
Female,Student,280,1630070,,,
Male,Student,"3,120",214999,Japan,Japan,32
Male,Student,0,1628706,Indonesia,Indonesia,
Female,Student,"10,230",1007808,,,
Male,,250,378838,China,China,30
,Student,"1,130",658202,,Indonesia,
,,"18,210",294009,Japan,,
,,580,642861,,,
,,"6,960",920293,,,
Female,Office worker,"5,950",258606,Taiwan,Taiwan,28
,,"1,150",217201,,,
,,560,1644139,,,
,,"57,870",343033,,,
Female,,620,1813081,,Taiwan,27
Female,Office worker,400,1552816,China,China,28
Female,,50,415729,China,China,39
,,"2,180",920130,,,
,,"8,670",240904,,,
,,"17,330",769391,,,
,,"1,280",705070,,,
Male,,"6,040",226922,Russia,Russia,30
,,"22,960",236504,,,
,,150,1840106,,,
Male,Student,"70,140",519781,China,China,31
Female,,"2,820",270059,China,Japan,32
Female,,"8,830",1076411,,,24
Male,,280,1715055,Japan,Japan,26
,,"13,520",616080,,,
Female,,"6,290",414782,China,China,28
Female,,150,572597,China,China,
Female,,580,341267,China,Hong Kong,33
,,"60,170",110983,,,
Female,,"2,410",712597,Thailand,Japan,
,,150,1092676,,,
Female,Student,"1,340",1267864,,Korea,22
,,0,1593741,,,
,,"5,560",1750801,,,
Male,,"9,930",631536,Japan,Japan,
Male,,"9,800",1097814,Japan,Japan,28
Female,Student,"32,850",1535147,Russia,Russia,
Female,Student,"1,880",1287198,Vietnam,Vietnam,
,,"35,730",382023,China,China,
,Student,"1,350",784814,,,
Female,,"18,270",1622992,Russia,,22
,,"4,050",981282,,,
Female,,"14,980",1650273,,,
,,"1,720",1015272,,,
,,"17,500",1810466,,,
Female,Student,"2,140",1070404,China,China,26
Female,,0,283468,Egypt,Egypt,
Female,,100,1343794,Brazil,Brazil,
,,"32,850",281117,,,
,,"5,870",424493,,,
Male,Other,"77,850",453664,Japan,Japan,39
Female,,"10,840",1573950,Ukraine,,
Female,,"6,580",1184140,,,
Female,,"3,110",947970,Japan,,
Female,,"31,450",191319,Japan,Japan,
,,0,568722,,,
Male,Student,"87,330",1130392,Brazil,Brazil,
Female,,"6,490",456370,,Italy,30
Female,,280,776555,Brazil,,
Female,Office worker,0,1388268,Vietnam,Vietnam,25
,,"2,830",1708491,,,
,Student,"2,640",1067997,,,26
Female,Student,550,258314,Brazil,Brazil,29
Female,Office worker,"3,090",845036,China,China,28
,,240,1776894,,,
,,"75,730",1461619,,France,
Female,Student,"18,050",1537183,France,France,22
Male,Student,"1,200",1757143,Taiwan,,25
,,"277,520",582915,,,
,,"128,090",370166,,,
,,"2,010",776516,Japan,Japan,36
,,250,1665188,,China,
,,"1,280",1471309,,,
Female,Student,250,400261,China,China,31
,,"79,650",640165,,Canada,
,,"45,580",790300,,,
,,"4,250",341270,,,
Male,Programmer,"29,960",1056942,Korea,Korea,
Female,Student,560,837224,China,Korea,
,,"9,670",676589,,,
,,"11,990",106398,,,
,,"22,900",336949,,,
,,"1,560",1312831,,China,
,,"71,830",692754,,,
Male,Student,"6,070",1840045,China,China,
,,"11,170",1523359,,,
,,"110,000",1496346,,,
Male,,"9,780",1035810,Germany,Germany,
,,"23,470",1699693,,,
Male,,620,745558,Japan,Japan,
,,150,861496,,,
,Teacher,"2,650",266356,Hong Kong,Hong Kong,
,,"7,100",95653,,,
,,"6,820",1768343,,,
,,"17,660",32110,,,
,,470,1461952,,,
,,"89,420",1048833,,,
Female,,"10,280",1778467,,,
,,160,667829,,,
,,"1,902,000",144894,,,
,,"42,280",668370,,,
Female,,0,314209,,,
,,"5,670",1406222,,,
Male,Engineer,"17,730",1347648,China,China,
Female,,"68,530",1328621,Japan,,
,,80,608255,,,
,,"5,690",662201,,,
Female,Other,"30,530",788292,China,China,30
,,"2,230",1073260,,,
,,150,1711172,,,
,,"16,030",1165735,,France,
,,"6,290",1343753,,,
,,"5,230",228181,,Japan,
Male,,100,1744320,U.S.A,,25
Male,,"25,090",515002,China,China,23
,,"23,290",157483,,,
,,"8,100",270577,,China,
Female,Student,"28,970",281025,,Hungary,30
Female,Student,"5,210",598737,Egypt,,
,,"84,760",655113,,,
Female,Other,230,1494484,France,,39
Female,Student,"12,170",868143,China,Japan,29
Female,,"49,370",644583,Mexico,Mexico,
Female,,"3,290",1301156,Japan,,
,,470,848269,,,
,,150,1714983,,,
Female,,680,915491,Japan,,
,Student,"15,070",1610478,,,
,,"50,330",42836,,,
Male,Student,0,418062,Japan,Japan,31
,,"1,210",1257840,,,
Male,Programmer,"141,740",469455,,U.S.A,32
Female,,0,1386861,,,
,,"66,120",84456,,,
,,"15,330",399750,,,
,,760,1308237,,,
,,"1,760",1205273,,,
Male,Engineer,"2,120",754603,Taiwan,Taiwan,36
,,150,1092588,,,
Male,Student,590,1290334,China,Japan,
,,880,342694,,,
Male,Student,"1,200",44713,Japan,Japan,30
,,290,1788956,China,,
Male,,350,1730228,Russia,Russia,20
,,"4,980",813286,,,
Male,"Other
 : 高校生","36,200",472012,Japan,Japan,
Male,,490,1301431,Japan,Japan,25
,,"5,100",663327,,,
,,"1,940",1186310,,,
Male,Artist,160,986350,Japan,Japan,
Female,,150,226855,Japan,Japan,29
,,"17,040",1346562,,,
Female,,"1,560",876224,United Kingdom,United Kingdom,
Male,,"1,070",1810998,,,
Female,Student,"4,580",578372,Japan,Japan,
,,230,1705741,,,
,Student,"7,230",618259,Vietnam,Vietnam,
,,"2,670",639034,,,
,,"15,960",326361,,,
Male,,"14,080",826157,Japan,Japan,
,,"13,100",1676034,,,
Female,,50,1061985,Russia,,23
Female,,"4,130",751530,Japan,Japan,33
Female,Student,"10,700",1474349,China,China,26
,,"4,850",817311,,,
,,80,903671,,China,
Male,,"2,360",1299581,China,China,26
Female,Office worker,"1,690",1286760,China,China,
,,"2,210",1172953,China,,
,,"3,270",299606,,,
,,"2,670",1601938,,,
,,"12,380",644107,,,
Female,,"6,860",241858,Vietnam,Vietnam,
,,170,1176175,,,
,,"2,740",205807,,,
Female,,"3,420",293752,Romania,Romania,26
Female,,"1,550",1372107,Japan,Japan,
Male,,150,958558,Mexico,,
,,"2,080",1731538,,,
,,150,1658852,,,
,,"8,660",1672918,,,
Male,,"439,100",415226,Poland,Poland,
,,"20,310",1515287,,,
Male,,0,986965,China,,
Female,,"21,610",490660,Korea,Korea,
,,"4,140",776217,,,
Female,,500,330389,China,China,35
Male,,"2,900",280924,China,China,30
,,"4,470",947523,,,
,,"1,320",94739,,Japan,
,,730,779386,,,
,,620,1540568,,,
Male,Student,600,468714,China,China,30
,,"1,330",1095800,,,
Male,Office worker,150,920201,Hong Kong,,30
,,150,1665445,,Ukraine,
Female,,0,420309,Taiwan,Taiwan,
,,960,1170540,,China,
Male,,640,691402,Japan,,30
Male,"Other
 : IT",180,1180072,China,China,25
,,"4,380",1190325,,,
,,"23,300",531470,,,
,,"56,120",1353802,,,
,,50,544652,,,
,,"17,130",147121,,,
,,"4,500",124441,,,
Female,Student,570,817268,China,China,28
,,"8,820",1153505,,,
,,"17,270",499303,,,26
Female,Other,"9,830",1486638,Japan,,
,,"11,110",1723640,,,
Male,,"76,630",233279,,Japan,
Female,,180,1329046,,,31
,,"11,150",475888,,,
Female,,"1,520",191869,Ukraine,,
,,"588,060",33880,,,
Female,,120,322216,Russia,Russia,32
,,150,856064,,,
Female,Student,"58,170",1720918,China,China,22
,,"3,760",1677509,,,
,Student,"1,350",548645,,,
Male,Office worker,"1,570",1726784,China,China,34
Male,,"17,560",15981,China,U.S.A,32
,,"3,350",1495641,,,
,,"16,570",1221718,,,
,,"31,490",1238467,,,
Male,,"18,570",77917,Hong Kong,Hong Kong,39
Male,Office worker,"1,420",1406065,Japan,Hong Kong,
,,150,749646,,,
Male,,"6,200",414635,Japan,China,38
,,"1,920",535711,,,
,,"6,800",345902,,,
Female,,"4,290",473822,,Taiwan,31
Female,,"1,360",166612,Taiwan,Japan,31
Male,,"15,560",183103,Japan,Japan,
Female,Office worker,"1,100",1570014,Japan,Japan,39
Female,,"16,690",769785,Japan,Japan,
,,240,1039162,,China,28
,,180,1619706,,,
,,"5,430",1615508,,,
Male,,0,328895,Brazil,Japan,27
Male,,"108,470",297865,Taiwan,Taiwan,
Female,,"109,880",1344347,Japan,Japan,27
,,"57,110",570203,China,China,
,,"126,260",1085632,,,
Male,Office worker,"10,660",317819,Japan,Japan,
Female,Student,"3,920",1711721,Venezuela,Venezuela,
,,850,881376,,,
Female,,"24,660",41769,Egypt,,
Female,,"2,950",126902,China,China,34
,,"1,280",1489037,Japan,Japan,
Male,,"27,550",782725,Japan,Japan,
,,"1,380",1374149,China,,
,,150,1688614,,,
,,"4,020",418283,,,
,,240,894717,,,
Female,,"16,250",1476864,Japan,,22
Male,,"7,690",1565710,Japan,,
,,"15,940",772675,,,
,,"1,050",1462666,,,
Female,,"3,400",147542,Japan,Japan,
,,380,931060,,,
Male,"Other
 : Help Desk",370,1841641,Brazil,,
Male,"Engineer
 : 替代役","2,480",1063115,Taiwan,Taiwan,27
,,"10,770",26220,,,
,,"12,190",1672468,,China,26
,,0,1568814,,,
Male,,"10,440",1380793,Korea,Korea,
,,"3,950",341779,,,
Female,Student,"1,700",184509,Taiwan,Japan,35
,Student,0,850018,,,26
Male,Student,0,325386,Japan,Japan,28
,,310,1381295,,,
,,"2,110",1172811,China,China,
Male,Office worker,"34,670",1555086,Japan,Japan,
Female,,0,1090800,Indonesia,Indonesia,26
,,"5,250",1627409,,,
Female,,"11,240",1060715,China,,27
,,0,1265922,,,
,,760,1831017,,Japan,
Male,Office worker,"2,700",134864,China,China,33
,,"3,920",1816016,,,
,,550,1070363,,,
,,"2,450",1556188,,,
,,550,263740,,,
,,"3,100",1113524,,,
Male,,"4,470",256516,Japan,Japan,38
,,"11,970",1098879,,Ukraine,
Male,,"54,460",255477,Japan,Japan,45
,,"1,160",894331,,,
,,"2,230",1088972,,U.S.A,
,,920,1098893,,,
Female,,150,1106280,Vietnam,Vietnam,28
,,"109,980",1822456,,,
,,"61,400",340191,,Japan,
Male,Student,"1,500",1587752,Hong Kong,Japan,28
Male,Office worker,150,703834,China,China,32
,,170,740058,,,
Male,,50,115878,China,China,28
,,150,1828335,,,
Female,,"2,000",285251,Hong Kong,New Zealand,28
Male,Engineer,"6,530",300595,China,China,34
,,"4,610",783890,,,
,,"7,110",328124,,,
Male,Student,"1,530",571926,Korea,U.S.A,
Female,Office worker,"12,500",1351818,Japan,Japan,36
,,"70,630",1539765,,,
,,"4,120",20704,,,
,,"13,070",880830,,Korea,
,,150,1512320,,,
,,150,1756054,,,
,,400,311169,,,
,Student,"45,920",497631,,,
Female,,250,229657,,,
Female,,0,418279,,,
,,50,111538,,,
Male,,600,399599,China,China,29
Female,,50,1128444,Japan,,
Female,,0,221861,China,China,29
Male,,"6,010",67981,Japan,Japan,45
Female,,"2,300",1050406,Taiwan,Taiwan,
,,"148,380",1169813,,,
,,"249,340",939863,,,
Female,Office worker,"9,470",1785881,Japan,Japan,
,,100,835656,,,
Female,,550,230306,Taiwan,,29
,,"1,850",857728,,,
,,"39,970",1247685,,,
,,"1,550",1336524,,,
,,"63,180",1402345,China,China,
Female,,160,101227,Italy,Italy,
,,"1,990",919896,,,
,,"8,670",145129,,,
,,580,663630,,,
Male,,"1,150",258183,Vietnam,Japan,
Male,,"6,860",307220,Japan,Japan,36
Female,,990,1826077,Vietnam,,
,,"1,630",962209,,,
,,"8,940",1469046,China,China,
Female,Student,"2,890",747469,Taiwan,,
,,"3,090",1420198,Taiwan,,28
,,"625,240",144385,,,
Male,Student,800,227842,,Russia,29
Male,Programmer,"1,220",829958,Vietnam,Vietnam,26
,,"5,120",223247,,,
,,"7,260",744214,,Japan,
,,730,1243663,,,
,,"6,090",1070349,,,27
,,"5,180",1404373,,,
Female,,"1,410",289151,Vietnam,,30
,,"15,260",420396,,Korea,
,,"121,660",760023,,,
Male,,"12,760",1733218,Japan,Japan,23
,,"2,100",99644,,,
Female,,"211,800",152262,Japan,Japan,
Female,,"13,040",1122904,Spain,Spain,
,,"70,200",774499,,,
Female,Student,"1,570",127564,Germany,Germany,25
,,"7,510",653066,Japan,Japan,37
,,430,919234,,,
,,"6,130",861883,,,
Male,Student,"3,230",99665,Japan,Brazil,32
,,790,951765,,,
,,"777,950",33741,,,
Male,,"2,110",274375,China,China,29
Female,,"2,090",951555,Japan,Australia,
,,10,1740110,,,
,,"29,130",921068,,,
,,"430,390",1454166,Japan,Japan,
Male,,"1,800",906357,Japan,,29
,,0,642083,,,
Male,Other,480,1131759,China,Canada,31
,,"19,250",407928,,,
Male,,"1,880",460426,Japan,Japan,34
,,"1,820",1681530,,,
Female,,550,186954,Taiwan,Taiwan,
Female,,"13,730",889670,China,China,
,"Student
 : フリーター","312,870",336387,,China,
,,150,861615,,,
Female,,"9,050",1191996,China,China,
,,"10,420",1671769,,,
,,540,1691702,,,
,,"29,770",886571,,,
,,"44,530",1657226,,,
,,650,280027,Taiwan,,
Female,,"5,750",552539,Japan,China,
,,"118,990",982280,,,
Female,,620,576315,Taiwan,Taiwan,
,,100,440247,,,
,,390,1099275,,,
Male,Student,"11,230",761622,Argentina,,27
,,"48,550",1523135,,,
Female,,0,1472475,Indonesia,Indonesia,21
Male,,"20,950",1462681,Germany,Germany,35
,,"1,400",692520,Taiwan,Taiwan,
Male,Student,"4,180",349852,France,France,27
,,"1,517,680",984600,,,
,,510,680081,Poland,,
,,"3,040",1367465,,Vietnam,
,,"87,150",1083811,,,
Female,,"10,960",1215119,Italy,Italy,
Male,,"13,610",444350,Brazil,Brazil,32
Female,Student,250,535229,Japan,,
Female,Artist,"1,830",734741,Taiwan,Taiwan,
,,"1,160",648143,,,
,,"5,450",1465154,,China,34
,,"830,070",494647,,,
Female,Office worker,"19,650",738927,China,China,
,,"8,300",1111868,,,
Female,,10,696586,China,China,
Female,Student,0,190748,Taiwan,Taiwan,26
,,"1,550",600965,,,
,,"7,220",750488,,,
Male,,"2,050",722970,Japan,Japan,
,,"56,430",1526150,,,
,,"10,890",785099,,Italy,
Female,,"88,800",78370,Japan,Japan,
,,360,1640629,,,
,,230,1360949,,,
Female,,"10,210",1124682,,,
Female,,"10,360",1507170,Japan,,
Male,Student,"9,350",873078,Korea,Japan,
Male,Engineer,"6,020",939531,Taiwan,Taiwan,49
,,160,652647,,,
Male,,"4,650",700298,Japan,Japan,33
Female,,390,273225,Vietnam,Vietnam,28
Male,,"5,100",228597,Japan,Japan,27
,,"19,460",1320079,Spain,,
,,760,540957,,,
,,0,568652,,China,28
,,"1,210",754251,,,
,,"1,860",765388,,,
Male,"Other
 : Lexicographer","1,512,750",195048,,Belgium,
Female,,"35,290",396709,China,China,
Female,Student,240,803279,China,China,29
,,"1,240",1569870,,,
Female,,"1,380",624873,Japan,,
,,"1,950",1116987,,,
,,"6,380",1670771,,China,23
Female,Office worker,"7,970",528465,,,
Male,,0,224099,,,
Female,,"330,550",289287,,,
Male,Student,0,476819,Taiwan,Taiwan,31
,,"8,030",682152,,,
,,"38,580",1488682,,,
,,"2,670",151278,,,
Female,,"53,310",1428167,Japan,Japan,
,,"2,930",630977,,,33
Female,,"6,530",1694772,,China,26
Male,Engineer,150,1734824,Brazil,Brazil,31
Female,,"4,010",1216941,Japan,Japan,32
,,"2,820",1155091,,,
Female,Student,"3,070",164423,Vietnam,Vietnam,32
Male,,0,671951,Vietnam,Venezuela,32
,,"2,530",1428878,,,
Female,Student,"47,920",1206585,U.S.A,U.S.A,
Male,,"2,510",1086072,Japan,Japan,27
Female,,950,366044,China,,30
,,150,1661803,,,
,,"43,480",1044087,,,
,,"59,420",425414,,,
Male,,"1,640",908280,Brazil,Brazil,
Male,,"1,330",552667,China,,
,,400,127272,Vietnam,,
,,"20,920",776285,Belgium,Belgium,
,,"31,720",1813521,,,
,,"9,220",340207,,,
Female,Student,"4,270",548640,Taiwan,Taiwan,
,,840,1031457,,,
Male,Student,50,300426,Japan,Japan,29
,,"2,180",766725,,,
,,"13,120",680648,Japan,Japan,
,,"16,190",1821853,,,
Female,,"18,920",706149,Japan,Japan,
Female,Engineer,0,1666399,Vietnam,,29
Female,,610,724816,Taiwan,Taiwan,26
,,"25,530",1273789,,,
,,"41,500",970771,,,
,,"1,070",1321287,,,
Female,,"2,150",1761098,,,
,,510,1808766,,,
,,"1,770",654918,,,
,,0,970646,,Australia,
,,"1,000",870464,,,
Female,,"4,960",331224,Taiwan,Taiwan,
Male,Other,"1,030",1550190,Indonesia,Indonesia,42
Female,Other,"1,020",273249,Japan,Japan,
Female,Student,"1,530",1126897,China,China,27
Female,Student,130,1726841,France,,18
,,"60,250",1336095,,,
,,"16,010",259380,,China,
,,"18,820",615076,,,
,,"668,080",1744355,,,
,,350,1148802,,,
Female,Office worker,"53,170",510896,,Korea,
,,170,1194480,,,
Male,,"196,830",1202780,Brazil,Brazil,
,,"6,680",223529,,France,
Male,Other,50,437883,China,China,32
,,0,500997,,,
,,"14,790",996832,,,
,,450,1737388,,,
Female,,"3,350",1445993,China,China,
Male,,"31,280",86244,Korea,Korea,34
Male,,900,1067671,Germany,Germany,31
Male,Programmer,"16,780",1830656,,,
Male,,350,166246,Taiwan,Taiwan,30
Female,,"12,380",10372,Japan,,
,,"5,290",1642262,Brazil,,
Male,Student,"11,980",506095,,,28
Female,Student,0,391575,China,China,27
Male,,"1,150",154699,Japan,Japan,
,,"2,110",1629475,,,
Female,Student,500,632642,Taiwan,Taiwan,
Male,Engineer,"3,290",260883,China,China,31
Female,Other,"1,200",428548,Taiwan,Japan,
,,"568,640",416556,,,
Male,,350,362249,Japan,Japan,34
Male,Other,"56,160",719984,France,France,
Male,"Other
 : 医者","12,030",421406,China,Japan,41
,Student,"34,300",688859,Japan,,
Female,Student,40,296795,Taiwan,Taiwan,25
,,"28,930",573782,,,
,,790,2033,,,
Female,,"10,990",1617276,China,China,
Female,,"1,710",1090709,Japan,Japan,28
,,"98,200",300462,,,
,,"546,880",94674,China,China,
Male,,"3,860",623035,Japan,Belgium,29
Female,Office worker,"3,480",110479,Vietnam,Vietnam,
,,"11,710",1353222,,,23
Female,,"17,560",393437,China,China,28
,,"21,690",1354601,,,
Female,Designer,"1,440",607747,,,27
Female,,"2,240",468908,Japan,Japan,
Male,Student,"11,680",781547,Japan,Japan,29
,,"4,580",1661638,,,
Male,,"56,030",697227,Spain,,25
,,160,1809756,,,
,,"7,180",124879,,,
Female,,"1,200",406109,Norway,Norway,31
,,"6,880",770533,,,
,,"8,690",665362,,China,
,,290,308032,,,
,,640,1236490,,,
,,"1,850",180171,,,
,,"1,750",1838479,,,
,,"4,500",1036124,,,
Male,,"574,640",397093,Japan,Japan,
Male,Student,230,609459,Taiwan,Taiwan,27
Male,Programmer,"4,920",386932,China,Israel,34
,,"2,520",873286,,,
Female,Student,"2,050",541813,,Korea,
,,"5,080",1631784,,,
Male,Office worker,100,202285,Japan,Japan,33
Male,Student,"1,200",1647006,Brazil,Brazil,18
Female,,"10,360",127624,Japan,Japan,35
,,"2,390",860026,,Germany,
Female,,"4,790",392132,China,China,
Female,Office worker,"67,070",754901,Germany,Germany,
Female,,"4,920",1090792,Japan,,33
Male,Office worker,"29,290",581206,Taiwan,Taiwan,48
Female,Student,"2,780",975372,,China,
Female,,"8,510",653554,,Japan,26
,,"9,070",1495930,,Japan,
,,"529,680",104523,,,
Female,Office worker,320,657034,,Japan,
,,150,1248420,,,
Female,,"1,320",752551,,,
Female,Student,"2,630",788690,China,China,
Male,,"6,410",1048756,Mexico,Mexico,41
Female,,0,245701,China,China,32
Female,Student,320,916886,Uruguay,Uruguay,
,,"3,020",886604,,,
Female,Teacher,"3,950",149342,Japan,Japan,
,,"305,890",47350,,,
,,420,648996,,,
,,"36,100",682658,,,
,,150,1643666,,,
Male,,750,403238,China,China,33
Female,,"7,280",1769939,,,
,,"3,090",1460297,,,
,,"13,060",348397,,,
Female,,"110,070",209115,China,Japan,38
Male,,"1,050",109664,Japan,Japan,36
Male,Office worker,"4,430",270019,Japan,Japan,
Female,,480,803849,China,China,
,,"25,550",1065346,,China,
,,"5,340",1420889,,,
,,"26,730",1780181,,,
Male,Student,"2,510",806749,,China,28
,,230,725036,,,
,,"34,860",1518840,,,
Female,Student,"3,700",1073290,China,China,28
Male,,0,49936,China,China,34
Female,,120,34626,Japan,Japan,49
Female,Other,"1,940",196473,China,China,32
,Housewife/ Househusband,220,1100036,,,
Male,Student,640,1832450,China,China,27
Female,Artist,"1,480",806748,Korea,,31
Male,Student,"11,810",292274,China,China,30
,,"269,230",617330,,,
Female,,520,1833464,Japan,Japan,25
Female,Other,"168,800",264086,,France,
Male,,"12,480",330707,Japan,China,57
,,"12,920",1146037,,,
Female,Student,"1,340",1147543,Russia,Russia,
,,250,1818545,,,
,,"29,240",1187437,,,
,,"9,200",360006,,,
,,120,643596,,,
Male,,"26,180",379279,China,China,
,,0,246714,,,
,,50,422212,,,
Male,Engineer,"15,620",747686,Japan,Japan,
,,"23,240",1535720,Japan,Japan,
,,"29,660",757573,,,
Female,Student,"5,040",421579,China,,
,,"17,080",1014150,,,
,,270,1496733,,,
,,"10,520",1546424,,,
Female,Engineer,"1,750",684892,Mexico,U.S.A,36
,,"1,810",648501,,,
,,"60,440",130154,,,
Female,Student,890,1482392,,Portugal,
,,270,533539,,,
,,"125,620",1582199,,,
,,"1,340",635516,,,
,,"14,050",536593,,,
,,"9,280",1021561,,,
,,"9,360",748344,,,
Male,,"5,100",767860,China,,
Female,,"3,280",862799,Japan,Japan,30
Female,Office worker,"3,410",293502,China,China,34
Male,,"1,800",127707,Japan,Japan,
,,890,786710,,,
,,"4,340",909552,,,
Male,,"28,560",1642332,China,China,
Male,,130,54921,,,47
Female,Engineer,"1,230",1109949,Peru,Peru,24
Male,Other,270,1792158,Vietnam,Vietnam,
Female,,"10,820",649566,China,Japan,29
Female,Student,"1,550",1823879,China,Spain,24
,,150,1691571,,,
,,"2,510",1696092,,,
,,0,182001,,,
,,600,419748,,,
Male,Student,170,950416,Bangladesh,Bangladesh,29
Male,,"2,600",342907,China,China,31
,,350,1340380,,,
,,0,568925,,,
Male,,"100,250",16217,China,China,
,,"7,260",700091,,,
Female,,"13,100",1078291,Ukraine,,
,,"127,170",204042,,,
Male,,0,200173,Japan,Japan,33
Male,,"19,350",384804,China,,
Female,,"25,160",928112,,,
,,0,1550321,,,
,,"45,530",39385,,Indonesia,
,,570,1113844,,,
Female,Designer,150,1532721,Mexico,,29
Female,,950,268376,Japan,Japan,
,,"66,150",1220330,,,
,,"28,970",427863,,Japan,
Male,Student,"1,700",42147,Japan,Japan,33
Male,Student,"4,350",1009230,China,China,
,,"21,090",330607,,,
,,"10,650",165692,,,
,,"160,680",1726844,,,
,,"6,740",1535586,,,
Male,Programmer,10,1650531,Vietnam,Vietnam,29
Male,Office worker,"41,970",1735601,Japan,Japan,33
,,910,1109500,,,
,,"168,950",794673,,,
,,230,865595,,,
,,160,1674373,,,22
,,"1,170",1609684,,,
Male,,0,405416,Spain,Spain,45
Female,Housewife/ Househusband,"6,430",729860,Japan,Japan,
,,"75,170",328515,,,
Male,,"5,960",1660669,Japan,,37
Male,,"7,560",23041,Japan,U.S.A,
Male,Artist,600,269721,Japan,Japan,52
Female,,350,143599,Japan,Japan,
,,680,1137471,,,
Female,Student,"1,400",567631,China,,27
Male,Student,"4,000",137782,Japan,Japan,34
Female,,500,875430,Taiwan,Taiwan,
,,"5,160",1415119,China,China,
Male,,0,173336,,Italy,
,,"4,180",174679,,,
Female,Student,"6,010",1191568,,,26
,,"1,820",1585588,,,
,,"3,080",1432669,,,
,,150,1843052,,,
Male,Programmer,"1,040",726899,Japan,Japan,
,,180,1061933,,,
Female,Student,370,366901,China,Japan,30
Male,,0,380412,China,China,30
Female,Student,850,848723,Japan,,
,,"1,780",1201967,,,
Female,,600,1420755,Vietnam,Vietnam,24
Female,,"3,830",1068605,China,China,27
Female,,50,67191,Japan,Japan,
,,"1,220",1246401,,,
Female,,"3,930",889116,,,25
Male,,700,419485,China,China,
,,0,348122,,,
Male,Designer,"1,070",1709784,China,,26
Male,Student,"2,550",1710995,China,China,24
,,"8,640",1245906,,,
,,"3,310",1149843,,,
Male,,710,1655893,China,Japan,25
,,"20,560",623597,,Japan,
,,80,499261,,,
Female,,"2,060",1844438,China,China,
,,"12,710",1676452,China,,
Female,Student,0,483738,Russia,Russia,
,,"105,910",937418,,,
Male,Student,"1,940",1094147,China,China,27
,,"1,630",1691211,,,
,,"85,130",8086,,,
Female,,"2,220",725006,China,China,
Female,Artist,"4,870",1500430,Russia,Russia,
Male,"Student
 : BLCU","1,730",622836,China,China,26
Female,Student,"23,760",1631523,,,
,,0,1443903,,Japan,
,,0,447935,,,
,,"8,960",649008,,,
,,"45,900",585181,,,
,,"17,640",1487222,,,
Male,Student,"1,570",361250,Japan,Japan,
Female,,"8,480",10770,,Japan,44
Male,,520,1248192,China,China,30
Female,Student,440,805246,China,China,
,,"2,180",1394316,,,
,,"8,310",1777038,,,
,,150,1276491,,,
Female,Office worker,"1,130",717553,China,China,
Male,Office worker,"6,350",880021,China,China,32
Male,Student,"57,850",137586,China,France,32
Female,,"3,700",273503,China,,
,,"1,260",1367475,,,
Male,Other,"1,640",556384,Japan,Japan,31
,,"38,850",90486,,U.S.A,
Male,Other,"170,480",281880,Japan,Japan,
,,750,608836,,,
Male,Other,"20,480",1207685,Japan,Japan,
,,"1,130",660338,,,
,,840,653209,,,
,,"56,820",1520663,,,
,,0,196508,,,
Male,Teacher,"3,460",424854,Colombia,Colombia,
,,600,760525,,,
Male,Engineer,290,838219,China,China,32
,,150,1764431,,,
Male,,510,722832,Colombia,Colombia,29
Male,,"17,620",229665,Japan,Japan,
,,"1,620",1447114,,,
,,480,1086982,,,
Female,Other,950,1044849,,,
Male,,"13,230",1554045,Japan,Japan,
,,,,,,
,,150,1347886,,,
Male,"Other
 : Frontend Web Engineer","8,840",1284415,China,China,
Female,Student,0,653458,China,China,27
,,"2,250",1390211,,,
,,"1,350",783389,,,
Female,,"1,050",261389,China,Japan,34
Female,Student,0,328437,Korea,Korea,30
,,"12,790",1125182,,,
Female,Student,150,804241,China,,26
,,"21,530",1842674,,Japan,
,Student,"8,400",368058,,,
,,"33,750",25769,,,
,,"1,780",863998,,,
,,"14,350",1408380,,,
,,"1,340",1698632,,,
Female,,"34,440",260985,Japan,,
Female,,"6,210",38672,,Italy,
,,"204,420",268132,,,
,,"104,380",179179,,,
,,150,713835,,,
Male,Other,"2,950",525979,Russia,Russia,30
Female,Student,"5,640",515809,Japan,Japan,27
Male,Office worker,"89,150",767370,Russia,Russia,
,,480,1313945,,,
,,0,466300,,,
Male,Student,"17,880",861788,Spain,,31
Female,Office worker,0,1370944,China,China,
,,"10,810",397411,,,
,,200,472668,,,
,,690,1635191,,,
,,"1,200",513068,,Russia,
Male,,"4,230",574204,Japan,Japan,
Female,,750,52524,China,U.S.A,33
Male,,"3,070",1365614,Japan,Japan,32
,,"4,920",918830,,,
,,"7,260",349885,,,
Female,Student,"1,680",603696,,,23
,,"18,560",242966,,,
Male,,150,940525,Japan,Japan,68
,,100,893161,,,
,,"23,020",1700671,Vietnam,Japan,29
Female,Student,150,1614953,Egypt,Korea,29
,,"1,020",768846,,Brazil,23
,,0,368933,,,
Male,Student,"14,090",554493,Korea,Spain,32
,,0,535965,,China,
Male,,"91,250",625642,Japan,Japan,
Female,Student,"7,070",405891,China,China,29
Male,,"17,990",529872,Japan,Japan,
,,"19,120",858395,,,
Male,,80,1080076,,Taiwan,
Male,Student,0,366950,Japan,Japan,27
Female,,"2,850",1545549,Mexico,,27
,,"6,930",688012,,,
Male,,"1,300",141628,China,China,45
,,210,854171,,,
,,"1,930",1671749,,,
,,390,1270153,,,
,,"3,450",1818766,,,
Male,,690,988789,China,Japan,
,,350,1599308,,,
,Housewife/ Househusband,"1,190",80408,,,
Male,,"7,620",773464,,,31
,,"2,230",919634,,,
Male,Student,"2,320",510097,,,28
,,"3,850",985478,,,
,,"47,970",175531,,,
,,"1,130",1670759,,,
,,"23,380",1621071,Japan,,
Male,Other,"5,380",709997,China,China,25
,,"289,380",911005,,,
Male,Student,250,683558,Japan,Japan,26
,,"163,860",1653341,,,
Male,,980,1290668,China,China,26
Male,"Other
 : Fire security & First aid",50,315751,France,France,45
,,"45,730",222139,,,
,,0,315654,,,
,,470,675259,Poland,,
,,460,1480680,,,
,,650,182443,,,
Male,Designer,"67,240",340727,Japan,Japan,
Male,Student,"142,550",707130,Russia,Russia,27
Male,Student,"16,710",1046263,Japan,Japan,
Female,,100,821024,China,China,
,,"101,400",1000294,,,
,,"12,010",341579,,,
,,"2,950",1002925,,,
,,"11,690",503399,,,
,,"4,270",1441079,,,
,,"52,100",752098,,,
,,"38,910",1723119,,,
Female,Office worker,150,1166323,China,China,
Female,,150,127781,Japan,Japan,28
,,"8,180",1777836,,,
,,0,549758,,,
Male,Student,"1,470",277584,Japan,Japan,25
,,"5,790",777730,,,
,,"8,740",1014949,,,
,,"8,380",237536,,,
,,"20,640",769281,,Japan,46
Male,,"3,770",11355,Japan,Japan,40
,,150,1600747,,,
Male,Office worker,"5,530",929963,Japan,,32
,,"36,560",1811047,,,
Female,Student,"2,150",493790,China,China,29
,,"3,040",11771,,,
,,180,1720793,,,
,,0,585641,,,
,,160,1363167,,,
Female,"Other
 : 商务",50,449452,China,China,31
,,20,552780,,,
,,300,276001,,,
Male,Student,60,1402378,Afghanistan,Afghanistan,29
,,"4,570",1366361,,,
,,"38,990",1101125,,,
,,"7,690",566569,,,
,,"51,880",1345735,,,
Female,Other,"254,750",37638,Japan,U.S.A,
,,550,1763743,,,
,,"37,360",311757,,,
Male,Student,210,1267019,Korea,Korea,28
,,0,1191862,,,
,,"2,110",827961,,,
Male,,"7,200",167008,,,
,,"5,320",1326579,Brazil,,
,,"291,810",1121558,,,
Female,,750,359722,Korea,Korea,31
Male,Student,"155,710",1126501,Panama,Panama,25
Female,,550,340054,China,China,22
,,150,979714,,,
,,"11,340",649100,,,
,,"3,310",1091673,,,
,,"18,740",714669,,,
Female,,"3,840",1259300,Russia,,
Male,,"97,690",494093,,,
,,180,680520,,,
Female,,"43,760",127199,Japan,Japan,
Male,,150,301305,Japan,Japan,34
,,0,605637,,,
Female,Student,300,1332057,China,China,23
,,"21,880",1138816,China,China,
Female,,"4,090",368576,China,China,32
Male,Student,"2,680",1463937,China,China,25
,,"163,200",1594271,,,
Male,"Other
 : 待业",530,784653,China,China,29
Male,,590,543109,Korea,Korea,33
Female,Student,"5,150",1292703,China,China,24
,,"5,230",710594,,,
,,410,1605047,,,
,,"3,130",1073025,,,
Male,,310,631164,,,29
,,940,813997,,,
Female,Office worker,"2,200",1676784,Vietnam,Vietnam,33
,,"4,290",1681805,,,
,,960,1377016,,Japan,
,,150,1767339,,,
,,170,828655,,,
,,150,1118361,,,
Female,Student,"1,560",1032256,China,China,27
Female,,"3,230",1371357,Japan,Japan,
Female,,"2,100",1089919,Taiwan,Taiwan,
,,"3,240",783163,,,
,,0,528391,,China,
Male,Programmer,100,1620069,Vietnam,Vietnam,28
,,"1,040",786822,,,
Male,Student,660,937934,,,
,Student,420,589985,Taiwan,Taiwan,26
,,"3,200",128203,,,
Female,Student,600,442372,China,China,29
,,"9,430",949303,,,
Male,Office worker,"2,400",206268,Japan,Indonesia,34
,Office worker,"1,170",981504,,,
Female,,0,396511,Brazil,Japan,27
Female,,"5,250",913967,,,
Male,,0,324394,China,China,31
,,"7,460",1389609,,,
Male,Other,540,1013552,China,China,
Female,,"14,800",712584,Japan,Japan,
Female,Student,600,1522273,Indonesia,Indonesia,25
,,50,1537890,,Cyprus,26
,,"1,580",1816366,,,
,,150,1223329,,,
,,370,1839422,,,
,Designer,"1,660",331499,,,
Female,,"17,920",827509,Japan,Japan,26
Male,,"4,570",1436085,Japan,Japan,27
Male,Student,0,163755,China,Japan,37
Male,,"1,000",266690,Japan,Japan,51
Female,Other,450,1064792,Taiwan,Taiwan,
,,180,945180,,,
Female,Student,"1,160",1070297,China,China,28
Female,,"3,000",1255775,Italy,,
,,"3,610",1810543,,,
Female,Student,"2,000",548391,,,26
Male,Student,"38,010",354533,Spain,Spain,28
Female,Student,150,1670700,Vietnam,Vietnam,20
,,"6,330",678227,,,
,,"31,810",201108,,,
,,450,962436,,,
,,0,357428,,,
Male,Student,"1,750",964508,China,China,28
Female,Student,670,1049871,Japan,France,27
,,150,815473,,,
Male,,150,833555,,China,26
Female,Office worker,0,985519,China,China,32
Male,,"3,550",488896,China,China,27
,,"9,140",320350,,,
,,"36,120",1628030,,,
Male,,580,108882,Vietnam,Vietnam,
,,"3,670",1710341,,,
Female,,"1,320",925353,France,,
Male,,0,369046,Brazil,Brazil,29
Male,"Other
 : NEET","6,140",243645,Japan,Japan,39
Male,,"8,260",1308912,Argentina,,
,,"6,390",1227637,,,
,,"1,130",1252293,,,
Female,,"1,690",103290,Japan,Japan,33
Female,Student,"4,220",353982,Japan,Russia,31
Male,,0,136868,China,China,33
,,"4,670",935424,,,
Female,,360,1532205,,,
Female,Student,440,707777,China,China,
,,"2,270",1689969,,,
,,280,1434608,,,
Male,Student,"33,690",1140394,,,
,,0,399497,,,
,,"36,630",1502180,,,
,,"4,640",1209511,,,
,,"2,050",562155,,,
,,"3,870",1688590,Iran,,
,,260,949607,,,
,,"2,398,870",39609,,,
,,"14,930",1174990,,,
Male,Student,"3,480",853353,Japan,Taiwan,29
,,"8,900",698173,,,
Female,Student,210,1043281,,China,25
Female,Teacher,"3,200",96924,Kazakhstan,Kazakhstan,30
Female,,"38,350",685967,,,
,,"48,960",1323493,,,
Male,Student,"1,300",206736,Japan,Japan,30
,,150,1547476,,,
,,"1,100",135735,,,
,,"159,460",8163,,,
Male,Student,"2,740",510969,Japan,China,31
,,0,319544,Vietnam,Vietnam,
,,"12,380",231829,,,
,,840,1227886,,,
,,"5,830",621376,,,28
,,100,1220898,,,
,,160,341971,,,
Female,,"3,670",669684,Japan,,
,,100,1812042,,,
Male,Student,650,291935,,Japan,
,,"13,650",321822,,,
,,150,1473269,,,
,,"4,540",1588726,,,
Female,,880,1205631,,,
,Student,"44,370",1250070,Japan,Japan,
,,"6,780",627641,,,
,,420,1449640,,,
Female,,"21,070",112557,China,China,31
Male,Engineer,"6,390",499068,Taiwan,Taiwan,
,,"247,610",125429,,,
Female,Student,770,546709,China,China,29
Female,,0,339464,Japan,Japan,30
,,"62,960",338724,Taiwan,Australia,
Male,,"14,100",934335,China,,
Male,,"11,160",439130,Korea,Colombia,
,,"8,470",135360,,,
,,150,1218014,,,
Male,Office worker,"5,030",1164402,Taiwan,Taiwan,
,Student,"1,550",1241368,Taiwan,Taiwan,28
Female,,"3,550",258509,China,China,29
Female,,"20,050",1625992,,,26
,,"3,400",677574,,,
,,780,1578585,,,
Male,,"7,220",405578,Japan,Japan,39
Male,,900,711840,Japan,,
Female,,150,952171,Brazil,,
,,"38,150",1103927,Vietnam,Vietnam,
,,"14,780",569326,,,
,,520,669366,,,
Female,,"234,720",391939,,,
Male,,350,145874,Japan,Japan,30
,,0,312412,,,
Male,Programmer,150,1255722,Japan,Japan,
,,"4,000",167091,,Japan,
,,0,284590,,,
,,"4,710",1070534,,,
,,420,1293926,,,
Male,,"10,010",1270437,,,
,,300,1845063,,,
Female,,"1,170",316686,Japan,Japan,25
,,"6,180",1319304,,,
Female,,"3,200",610063,Japan,Japan,33
,,"1,600",1433666,,,
Male,Student,"4,070",630492,Japan,Japan,
,,190,1177183,,,
,,"2,700",1592572,,,
,,"4,070",360899,,,
Male,,"15,870",1779581,,,
Female,,"4,350",163949,Japan,Japan,
,,"3,090",1296892,,,
,,930,767423,,,
Male,,"19,500",81231,Japan,U.S.A,40
,,340,682358,,,
Male,,"3,090",251120,,,
,,0,255436,,,
,,"57,370",1097898,,,
,,"41,060",1684701,,,
,,"81,760",1431737,,,
,,150,840263,,,
Female,,"66,400",1836682,Russia,Russia,28
,,"19,710",895841,,,
,,"4,940",1419012,,,
,,150,1328272,,,
Female,,0,202464,Indonesia,Indonesia,29
,,"84,250",425018,,,
Female,,"22,670",1280445,,,30
,,"1,530",1589516,,,
,,"8,370",316641,,,
Male,,"2,080",420778,Japan,Japan,36
,,"2,320",190861,,,
Female,Student,150,554545,Japan,,
Female,Office worker,0,426403,China,China,32
Female,Office worker,"26,260",575166,Japan,United Kingdom,
,,"2,580",1141621,,Japan,
,Student,750,189978,,,
,,"11,290",1831022,,,
,,"22,220",682478,,,
,,"3,170",1713979,,,
Female,,"1,300",316115,China,China,30
Female,,"3,000",393881,Japan,,
,,"3,180",1073790,,,
Male,,170,1140832,Brazil,,
,,"2,690",1206574,,,
Female,,0,1535088,Russia,Russia,23
Female,,"8,370",596437,,,
Male,,"2,050",402006,China,China,27
,,"8,610",1636359,,,
,Student,0,307224,,,
Male,Office worker,"22,220",317614,Japan,Japan,33
Male,Teacher,"12,820",316251,China,Japan,31
Female,Student,"7,440",699734,China,China,
Male,Office worker,610,1699719,China,,
,,"1,860",315440,,,
,,"16,560",1694032,,,
Female,Student,0,1690998,Japan,Japan,26
,,"20,150",1061912,,,
,,"1,540",372603,,China,30
,,390,710018,,,
Female,Other,"446,360",606539,Japan,,39
Male,,"1,340",176812,Japan,Japan,48
,,"1,300",301844,,,
,,"6,090",184723,,Saudi Arabia,
Female,Designer,"4,390",770146,Japan,Japan,
Female,,0,397090,China,China,28
Male,,550,75150,China,China,
Male,,"8,160",246406,China,China,
Female,,"11,260",543623,Japan,Japan,
Female,Student,"3,810",1701228,France,France,
Female,,910,1507983,,,
Female,Student,"4,600",1613473,Japan,Japan,
,,"11,050",331825,,,
Male,,"35,080",892789,,,
Female,,"14,010",1736272,,,
,,"1,900",544784,,,
Female,,0,336024,Haiti,Venezuela,40
,,280,1422645,,,
Male,Other,150,1777157,Vietnam,Vietnam,
Female,Student,"2,970",330809,Japan,Japan,28
Male,,"1,900",1422785,,,
,,"34,850",1332183,,Brazil,
Female,,"3,160",45213,Taiwan,Taiwan,
,,370,1213684,,,
Female,,"2,370",1351984,China,Japan,28
,,"1,880",1322022,Japan,Japan,
,,"107,920",126100,,,
Male,Student,0,921565,Vietnam,Vietnam,28
Male,Office worker,"3,820",1733149,Japan,China,33
Female,Student,"38,580",644172,Russia,Russia,24
Female,,"29,950",1531603,,,
,,"14,920",1338228,,,
Male,,"239,080",1645556,Japan,,25
,,0,404091,,,
,,150,1002308,,,
Female,"Other
 : blogger","5,440",1284398,China,China,34
Male,,"2,800",1834374,Korea,,
Male,Engineer,0,31596,Korea,China,40
,,"1,630",758175,,,
,,"1,130",1119223,,Thailand,
,Teacher,"98,210",389371,,,
Female,,180,939550,,Japan,30
Female,,200,526794,,Russia,
Male,,"10,680",1614625,Italy,,
